{"stats":{"minecraft:picked_up":{"minecraft:wooden_sword":1,"minecraft:rotten_flesh":1,"minecraft:potato":3,"minecraft:oak_log":6,"minecraft:spruce_log":2,"minecraft:dirt":23},"minecraft:killed_by":{"minecraft:spider":1,"minecraft:zombie":1},"minecraft:custom":{"minecraft:open_chest":5,"minecraft:time_since_rest":537,"minecraft:damage_taken":1656,"minecraft:sprint_one_cm":185514,"minecraft:play_time":47542,"minecraft:walk_one_cm":135376,"minecraft:deaths":5,"minecraft:sneak_time":52,"minecraft:walk_under_water_one_cm":4163,"minecraft:jump":350,"minecraft:damage_dealt":41,"minecraft:leave_game":9,"minecraft:time_since_death":6830,"minecraft:walk_on_water_one_cm":4504,"minecraft:sleep_in_bed":3,"minecraft:total_world_time":47542,"minecraft:interact_with_crafting_table":3,"minecraft:fall_one_cm":16911,"minecraft:fly_one_cm":29855},"minecraft:crafted":{"minecraft:wooden_sword":1,"minecraft:oak_planks":24,"minecraft:oak_sign":3,"minecraft:spruce_planks":8,"minecraft:stick":8,"minecraft:wooden_pickaxe":1},"minecraft:mined":{"minecraft:seagrass":1,"minecraft:short_grass":1,"minecraft:tall_seagrass":1,"minecraft:grass_block":3,"minecraft:oak_log":6,"minecraft:dirt":20,"minecraft:spruce_log":2,"minecraft:oak_leaves":5},"minecraft:used":{"minecraft:dirt":23,"minecraft:oak_sign":1,"minecraft:rotten_flesh":1}},"DataVersion":3955}