{"stats":{"minecraft:killed_by":{"minecraft:zombie":1,"minecraft:spider":1},"minecraft:custom":{"minecraft:jump":173,"minecraft:open_chest":2,"minecraft:time_since_rest":9497,"minecraft:damage_taken":1015,"minecraft:damage_dealt":31,"minecraft:walk_one_cm":37808,"minecraft:leave_game":2,"minecraft:sprint_one_cm":133127,"minecraft:play_time":17265,"minecraft:time_since_death":9422,"minecraft:walk_on_water_one_cm":1268,"minecraft:deaths":3,"minecraft:total_world_time":17265,"minecraft:walk_under_water_one_cm":2348,"minecraft:fall_one_cm":8736,"minecraft:fly_one_cm":24401},"minecraft:mined":{"minecraft:short_grass":1}},"DataVersion":3955}