{"stats":{"minecraft:custom":{"minecraft:time_since_rest":10461,"minecraft:open_chest":2,"minecraft:play_time":31015,"minecraft:sprint_one_cm":153495,"minecraft:deaths":4,"minecraft:damage_taken":1518,"minecraft:walk_one_cm":86599,"minecraft:sneak_time":52,"minecraft:walk_under_water_one_cm":2965,"minecraft:jump":243,"minecraft:damage_dealt":31,"minecraft:leave_game":6,"minecraft:walk_on_water_one_cm":1503,"minecraft:time_since_death":12526,"minecraft:sleep_in_bed":1,"minecraft:total_world_time":31015,"minecraft:fall_one_cm":14600,"minecraft:fly_one_cm":26481},"minecraft:mined":{"minecraft:short_grass":1,"minecraft:dirt":1,"minecraft:oak_leaves":1},"minecraft:used":{"minecraft:rotten_flesh":1},"minecraft:killed_by":{"minecraft:spider":1,"minecraft:zombie":1},"minecraft:picked_up":{"minecraft:rotten_flesh":1,"minecraft:dirt":1}},"DataVersion":3955}