{"stats":{"minecraft:killed":{"minecraft:spider":4,"minecraft:skeleton":12,"minecraft:chicken":19,"minecraft:pig":15,"minecraft:iron_golem":1,"minecraft:bat":1,"minecraft:sheep":31,"minecraft:pillager":8,"minecraft:zombie":20,"minecraft:cow":9},"minecraft:crafted":{"minecraft:wooden_sword":1,"minecraft:smooth_stone":3,"minecraft:oak_planks":144,"minecraft:spyglass":2,"minecraft:cooked_chicken":14,"minecraft:furnace":4,"minecraft:blast_furnace":1,"minecraft:stone":3,"minecraft:cooked_mutton":27,"minecraft:diamond_helmet":1,"minecraft:iron_boots":2,"minecraft:iron_axe":1,"minecraft:stone_pickaxe":1,"minecraft:smoker":1,"minecraft:cooked_beef":16,"minecraft:oak_slab":66,"minecraft:diamond_sword":1,"minecraft:cooked_porkchop":14,"minecraft:crafting_table":1,"minecraft:enchanting_table":1,"minecraft:wooden_pickaxe":1,"minecraft:baked_potato":45,"minecraft:iron_helmet":1,"minecraft:iron_sword":1,"minecraft:copper_ingot":48,"minecraft:bucket":1,"minecraft:oak_wood":6,"minecraft:book":1,"minecraft:iron_chestplate":2,"minecraft:paper":3,"minecraft:diamond_pickaxe":1,"minecraft:shield":1,"minecraft:stick":108,"minecraft:iron_ingot":102,"minecraft:iron_pickaxe":3,"minecraft:wooden_axe":1,"minecraft:stone_sword":1,"minecraft:iron_leggings":1,"minecraft:white_bed":1,"minecraft:torch":336,"minecraft:shears":1},"minecraft:custom":{"minecraft:mob_kills":120,"minecraft:interact_with_crafting_table":40,"minecraft:fill_cauldron":1,"minecraft:bell_ring":44,"minecraft:leave_game":2,"minecraft:time_since_death":64310,"minecraft:climb_one_cm":1094,"minecraft:sprint_one_cm":969805,"minecraft:walk_one_cm":696108,"minecraft:damage_blocked_by_shield":2720,"minecraft:drop":32,"minecraft:talked_to_villager":24,"minecraft:play_time":284762,"minecraft:deaths":2,"minecraft:sneak_time":5766,"minecraft:walk_under_water_one_cm":38857,"minecraft:jump":6682,"minecraft:interact_with_blast_furnace":19,"minecraft:walk_on_water_one_cm":79572,"minecraft:total_world_time":284762,"minecraft:interact_with_furnace":42,"minecraft:sleep_in_bed":6,"minecraft:time_since_rest":11990,"minecraft:damage_taken":4387,"minecraft:damage_dealt":16133,"minecraft:swim_one_cm":122331,"minecraft:fly_one_cm":1640361,"minecraft:open_chest":111,"minecraft:crouch_one_cm":14915,"minecraft:interact_with_smoker":19,"minecraft:fall_one_cm":156656},"minecraft:dropped":{"minecraft:iron_sword":1,"minecraft:moss_block":1,"minecraft:wheat_seeds":6,"minecraft:golden_pickaxe":1,"minecraft:dripstone_block":2,"minecraft:oak_fence":7,"minecraft:leather":1,"minecraft:copper_ingot":44,"minecraft:tropical_fish":1,"minecraft:dirt":35,"minecraft:gray_wool":1,"minecraft:wooden_axe":1,"minecraft:fire_charge":1,"minecraft:pumpkin":7,"minecraft:stonecutter":1,"minecraft:string":2,"minecraft:white_wool":13,"minecraft:gold_ingot":4,"minecraft:spyglass":1,"minecraft:rotten_flesh":1,"minecraft:light_gray_wool":2,"minecraft:golden_shovel":1,"minecraft:shears":1,"minecraft:pumpkin_seeds":4,"minecraft:carrot":2,"minecraft:oak_fence_gate":1,"minecraft:carved_pumpkin":1,"minecraft:spider_eye":2,"minecraft:beef":3},"minecraft:mined":{"minecraft:spruce_planks":1,"minecraft:crying_obsidian":3,"minecraft:tuff":1,"minecraft:white_bed":3,"minecraft:deepslate_diamond_ore":14,"minecraft:carved_pumpkin":1,"minecraft:obsidian":12,"minecraft:cave_vines_plant":10,"minecraft:granite":35,"minecraft:dark_oak_fence":6,"minecraft:grass_block":9,"minecraft:moss_block":1,"minecraft:hay_block":7,"minecraft:iron_ore":87,"minecraft:fire":2,"minecraft:andesite":34,"minecraft:pumpkin":8,"minecraft:deepslate_lapis_ore":2,"minecraft:cave_vines":6,"minecraft:deepslate_iron_ore":8,"minecraft:green_carpet":1,"minecraft:azalea":1,"minecraft:stone":158,"minecraft:oak_slab":5,"minecraft:oak_fence":7,"minecraft:crafting_table":2,"minecraft:torch":4,"minecraft:short_grass":117,"minecraft:blast_furnace":1,"minecraft:chest":4,"minecraft:lectern":5,"minecraft:copper_ore":13,"minecraft:tall_grass":2,"minecraft:cobblestone":7,"minecraft:oak_planks":1,"minecraft:deepslate_gold_ore":2,"minecraft:lapis_ore":4,"minecraft:sugar_cane":8,"minecraft:diorite":23,"minecraft:wall_torch":4,"minecraft:big_dripleaf":1,"minecraft:cauldron":1,"minecraft:dark_oak_slab":1,"minecraft:yellow_bed":6,"minecraft:oak_log":42,"minecraft:coal_ore":181,"minecraft:oak_fence_gate":1,"minecraft:dripstone_block":1,"minecraft:gravel":4,"minecraft:sand":3,"minecraft:dirt":22,"minecraft:cobweb":16,"minecraft:stonecutter":4,"minecraft:netherrack":7,"minecraft:small_dripleaf":1,"minecraft:oak_leaves":18,"minecraft:deepslate":63},"minecraft:broken":{"minecraft:stone_sword":1,"minecraft:golden_leggings":1,"minecraft:golden_axe":1,"minecraft:iron_sword":1,"minecraft:iron_pickaxe":1},"minecraft:used":{"minecraft:enchanting_table":1,"minecraft:stone_sword":130,"minecraft:flint_and_steel":4,"minecraft:chest":4,"minecraft:shield":94,"minecraft:iron_sword":298,"minecraft:cooked_chicken":6,"minecraft:iron_chestplate":1,"minecraft:torch":303,"minecraft:dirt":22,"minecraft:spyglass":1,"minecraft:mutton":17,"minecraft:obsidian":8,"minecraft:wooden_axe":32,"minecraft:iron_axe":74,"minecraft:golden_carrot":5,"minecraft:beef":1,"minecraft:furnace":1,"minecraft:cooked_beef":15,"minecraft:cobbled_deepslate":24,"minecraft:pumpkin":1,"minecraft:golden_axe":17,"minecraft:cooked_mutton":13,"minecraft:water_bucket":11,"minecraft:diorite":12,"minecraft:stone_pickaxe":74,"minecraft:oak_planks":2,"minecraft:baked_potato":15,"minecraft:wooden_pickaxe":6,"minecraft:stonecutter":3,"minecraft:cauldron":1,"minecraft:glow_berries":15,"minecraft:oak_slab":25,"minecraft:crafting_table":3,"minecraft:blast_furnace":2,"minecraft:white_bed":3,"minecraft:shears":1,"minecraft:smoker":1,"minecraft:diamond_pickaxe":117,"minecraft:black_wool":1,"minecraft:crying_obsidian":2,"minecraft:chicken":5,"minecraft:bread":24,"minecraft:iron_pickaxe":510,"minecraft:lectern":6,"minecraft:gravel":1,"minecraft:golden_helmet":1,"minecraft:diamond_sword":355,"minecraft:cobblestone":58,"minecraft:cooked_porkchop":1,"minecraft:porkchop":9,"minecraft:bucket":12,"minecraft:yellow_bed":6},"minecraft:killed_by":{"minecraft:creeper":1,"minecraft:zombie":1},"minecraft:picked_up":{"minecraft:wooden_axe":1,"minecraft:iron_chestplate":2,"minecraft:crafting_table":2,"minecraft:chicken":19,"minecraft:golden_pickaxe":3,"minecraft:diamond_sword":2,"minecraft:golden_shovel":2,"minecraft:shield":2,"minecraft:string":32,"minecraft:raw_copper":102,"minecraft:iron_shovel":1,"minecraft:cobbled_deepslate":77,"minecraft:spruce_planks":1,"minecraft:beef":23,"minecraft:iron_nugget":9,"minecraft:iron_pickaxe":4,"minecraft:light_gray_wool":8,"minecraft:lectern":6,"minecraft:sugar_cane":16,"minecraft:chest":4,"minecraft:iron_boots":1,"minecraft:egg":3,"minecraft:raw_iron":109,"minecraft:big_dripleaf":3,"minecraft:copper_ingot":132,"minecraft:oak_fence":21,"minecraft:torch":39,"minecraft:fire_charge":2,"minecraft:porkchop":27,"minecraft:pointed_dripstone":12,"minecraft:diorite":19,"minecraft:carrot":4,"minecraft:cauldron":1,"minecraft:arrow":22,"minecraft:rotten_flesh":44,"minecraft:tropical_fish":4,"minecraft:shears":2,"minecraft:hay_block":7,"minecraft:carved_pumpkin":3,"minecraft:gold_ingot":8,"minecraft:obsidian":16,"minecraft:glow_berries":18,"minecraft:mutton":58,"minecraft:cobblestone":231,"minecraft:white_wool":51,"minecraft:feather":11,"minecraft:cooked_beef":17,"minecraft:water_bucket":2,"minecraft:andesite":36,"minecraft:leather":9,"minecraft:golden_leggings":1,"minecraft:flint":2,"minecraft:tuff":1,"minecraft:oak_log":42,"minecraft:yellow_bed":6,"minecraft:dirt":137,"minecraft:lapis_lazuli":66,"minecraft:name_tag":1,"minecraft:cooked_mutton":33,"minecraft:bone":20,"minecraft:iron_ingot":3,"minecraft:stonecutter":5,"minecraft:rabbit_hide":1,"minecraft:wheat_seeds":24,"minecraft:raw_gold":2,"minecraft:cooked_chicken":8,"minecraft:oak_fence_gate":3,"minecraft:oak_planks":1,"minecraft:moss_block":1,"minecraft:iron_sword":1,"minecraft:oak_slab":3,"minecraft:dark_oak_slab":1,"minecraft:cooked_porkchop":20,"minecraft:pumpkin":22,"minecraft:dripstone_block":4,"minecraft:dandelion":1,"minecraft:spyglass":2,"minecraft:gravel":3,"minecraft:sand":1,"minecraft:blast_furnace":1,"minecraft:white_bed":3,"minecraft:green_carpet":1,"minecraft:crying_obsidian":3,"minecraft:spider_eye":5,"minecraft:pumpkin_seeds":12,"minecraft:diamond":26,"minecraft:iron_helmet":2,"minecraft:crossbow":2,"minecraft:granite":36,"minecraft:golden_apple":1,"minecraft:gray_wool":4,"minecraft:emerald":1,"minecraft:golden_horse_armor":1,"minecraft:bread":6,"minecraft:baked_potato":83,"minecraft:netherrack":7,"minecraft:oak_sapling":2,"minecraft:dark_oak_fence":5,"minecraft:black_wool":1,"minecraft:coal":264,"minecraft:diamond_pickaxe":2}},"DataVersion":3955}