{"stats":{"minecraft:custom":{"minecraft:jump":34,"minecraft:time_since_rest":14172,"minecraft:damage_taken":525,"minecraft:damage_dealt":44,"minecraft:play_time":24383,"minecraft:leave_game":4,"minecraft:sprint_one_cm":10952,"minecraft:walk_one_cm":6693,"minecraft:time_since_death":10487,"minecraft:deaths":2,"minecraft:total_world_time":24383,"minecraft:fly_one_cm":24851},"minecraft:mined":{"minecraft:short_grass":2,"minecraft:grass_block":1},"minecraft:used":{"minecraft:dark_oak_planks":3},"minecraft:killed_by":{"minecraft:zombie":2},"minecraft:picked_up":{"minecraft:torch":1,"minecraft:dirt":1}},"DataVersion":3955}