{"stats":{"minecraft:custom":{"minecraft:time_since_rest":13437,"minecraft:open_chest":2,"minecraft:play_time":33991,"minecraft:sprint_one_cm":159420,"minecraft:deaths":4,"minecraft:damage_taken":1518,"minecraft:walk_one_cm":90276,"minecraft:sneak_time":52,"minecraft:walk_under_water_one_cm":2965,"minecraft:jump":257,"minecraft:damage_dealt":41,"minecraft:leave_game":7,"minecraft:walk_on_water_one_cm":1503,"minecraft:time_since_death":15502,"minecraft:sleep_in_bed":1,"minecraft:total_world_time":33991,"minecraft:fall_one_cm":15018,"minecraft:fly_one_cm":27536},"minecraft:mined":{"minecraft:short_grass":1,"minecraft:dirt":1,"minecraft:spruce_log":2,"minecraft:oak_leaves":1},"minecraft:used":{"minecraft:rotten_flesh":1,"minecraft:dirt":1},"minecraft:killed_by":{"minecraft:spider":1,"minecraft:zombie":1},"minecraft:picked_up":{"minecraft:rotten_flesh":1,"minecraft:spruce_log":2,"minecraft:dirt":1}},"DataVersion":3955}