{"stats":{"minecraft:picked_up":{"minecraft:rotten_flesh":1,"minecraft:oak_log":6,"minecraft:spruce_log":2,"minecraft:dirt":1},"minecraft:killed_by":{"minecraft:spider":1,"minecraft:zombie":1},"minecraft:custom":{"minecraft:time_since_rest":3852,"minecraft:open_chest":3,"minecraft:play_time":39983,"minecraft:sprint_one_cm":168084,"minecraft:deaths":4,"minecraft:damage_taken":1576,"minecraft:walk_one_cm":107156,"minecraft:sneak_time":52,"minecraft:walk_under_water_one_cm":4163,"minecraft:jump":291,"minecraft:damage_dealt":41,"minecraft:leave_game":7,"minecraft:walk_on_water_one_cm":3715,"minecraft:time_since_death":21494,"minecraft:sleep_in_bed":2,"minecraft:total_world_time":39983,"minecraft:interact_with_crafting_table":3,"minecraft:fall_one_cm":15765,"minecraft:fly_one_cm":28680},"minecraft:crafted":{"minecraft:wooden_sword":1,"minecraft:oak_planks":24,"minecraft:oak_sign":3,"minecraft:spruce_planks":8,"minecraft:stick":8,"minecraft:wooden_pickaxe":1},"minecraft:mined":{"minecraft:seagrass":1,"minecraft:short_grass":1,"minecraft:tall_seagrass":1,"minecraft:oak_log":6,"minecraft:dirt":1,"minecraft:spruce_log":2,"minecraft:oak_leaves":5},"minecraft:used":{"minecraft:rotten_flesh":1,"minecraft:dirt":1,"minecraft:oak_sign":1}},"DataVersion":3955}