{"stats":{"minecraft:custom":{"minecraft:jump":34,"minecraft:time_since_rest":17577,"minecraft:damage_taken":525,"minecraft:damage_dealt":44,"minecraft:play_time":27788,"minecraft:leave_game":5,"minecraft:sprint_one_cm":10952,"minecraft:walk_one_cm":6693,"minecraft:time_since_death":13892,"minecraft:deaths":2,"minecraft:total_world_time":27788,"minecraft:fly_one_cm":53763},"minecraft:mined":{"minecraft:short_grass":2,"minecraft:grass_block":1},"minecraft:used":{"minecraft:dark_oak_planks":3},"minecraft:killed_by":{"minecraft:zombie":2},"minecraft:picked_up":{"minecraft:torch":1,"minecraft:dirt":1}},"DataVersion":3955}