{"stats":{"minecraft:killed":{"minecraft:spider":3,"minecraft:skeleton":8,"minecraft:chicken":19,"minecraft:pig":15,"minecraft:bat":1,"minecraft:sheep":31,"minecraft:pillager":8,"minecraft:zombie":18,"minecraft:cow":9},"minecraft:crafted":{"minecraft:wooden_sword":1,"minecraft:smooth_stone":3,"minecraft:oak_planks":76,"minecraft:spyglass":2,"minecraft:cooked_chicken":14,"minecraft:furnace":4,"minecraft:blast_furnace":1,"minecraft:stone":3,"minecraft:cooked_mutton":27,"minecraft:iron_boots":1,"minecraft:iron_axe":1,"minecraft:stone_pickaxe":1,"minecraft:smoker":1,"minecraft:cooked_beef":16,"minecraft:diamond_sword":1,"minecraft:cooked_porkchop":14,"minecraft:crafting_table":1,"minecraft:wooden_pickaxe":1,"minecraft:baked_potato":45,"minecraft:iron_helmet":1,"minecraft:iron_sword":1,"minecraft:copper_ingot":48,"minecraft:bucket":1,"minecraft:oak_wood":6,"minecraft:iron_chestplate":1,"minecraft:diamond_pickaxe":1,"minecraft:shield":1,"minecraft:stick":108,"minecraft:iron_ingot":71,"minecraft:iron_pickaxe":3,"minecraft:wooden_axe":1,"minecraft:stone_sword":1,"minecraft:white_bed":1,"minecraft:torch":336,"minecraft:shears":1},"minecraft:custom":{"minecraft:mob_kills":112,"minecraft:interact_with_crafting_table":33,"minecraft:fill_cauldron":1,"minecraft:bell_ring":44,"minecraft:leave_game":2,"minecraft:time_since_death":64200,"minecraft:climb_one_cm":1094,"minecraft:sprint_one_cm":802629,"minecraft:walk_one_cm":457470,"minecraft:damage_blocked_by_shield":1763,"minecraft:drop":10,"minecraft:talked_to_villager":1,"minecraft:play_time":218762,"minecraft:deaths":1,"minecraft:sneak_time":2965,"minecraft:walk_under_water_one_cm":26128,"minecraft:jump":5598,"minecraft:interact_with_blast_furnace":16,"minecraft:walk_on_water_one_cm":54821,"minecraft:total_world_time":218762,"minecraft:interact_with_furnace":40,"minecraft:sleep_in_bed":4,"minecraft:time_since_rest":21258,"minecraft:damage_taken":2931,"minecraft:damage_dealt":14102,"minecraft:swim_one_cm":122331,"minecraft:fly_one_cm":1435995,"minecraft:open_chest":87,"minecraft:crouch_one_cm":8352,"minecraft:interact_with_smoker":17,"minecraft:fall_one_cm":132567},"minecraft:dropped":{"minecraft:iron_sword":1,"minecraft:moss_block":1,"minecraft:leather":1,"minecraft:wooden_axe":1,"minecraft:spyglass":1,"minecraft:rotten_flesh":1,"minecraft:carrot":2,"minecraft:spider_eye":1,"minecraft:beef":3},"minecraft:mined":{"minecraft:crying_obsidian":2,"minecraft:tuff":1,"minecraft:white_bed":1,"minecraft:deepslate_diamond_ore":8,"minecraft:carved_pumpkin":1,"minecraft:obsidian":8,"minecraft:cave_vines_plant":10,"minecraft:granite":35,"minecraft:dark_oak_fence":6,"minecraft:grass_block":9,"minecraft:moss_block":1,"minecraft:hay_block":7,"minecraft:iron_ore":75,"minecraft:fire":2,"minecraft:andesite":34,"minecraft:pumpkin":8,"minecraft:cave_vines":6,"minecraft:deepslate_iron_ore":3,"minecraft:azalea":1,"minecraft:stone":151,"minecraft:oak_fence":7,"minecraft:crafting_table":2,"minecraft:torch":2,"minecraft:short_grass":116,"minecraft:blast_furnace":1,"minecraft:chest":3,"minecraft:copper_ore":13,"minecraft:tall_grass":2,"minecraft:cobblestone":5,"minecraft:lapis_ore":4,"minecraft:sugar_cane":8,"minecraft:diorite":23,"minecraft:wall_torch":3,"minecraft:big_dripleaf":1,"minecraft:cauldron":1,"minecraft:dark_oak_slab":1,"minecraft:oak_log":25,"minecraft:coal_ore":164,"minecraft:oak_fence_gate":1,"minecraft:gravel":3,"minecraft:sand":3,"minecraft:dirt":22,"minecraft:small_dripleaf":1,"minecraft:oak_leaves":11,"minecraft:deepslate":53},"minecraft:broken":{"minecraft:stone_sword":1,"minecraft:golden_leggings":1,"minecraft:golden_axe":1,"minecraft:iron_sword":1,"minecraft:iron_pickaxe":1},"minecraft:used":{"minecraft:stone_sword":130,"minecraft:flint_and_steel":4,"minecraft:chest":2,"minecraft:shield":62,"minecraft:iron_sword":298,"minecraft:cooked_chicken":6,"minecraft:torch":259,"minecraft:dirt":22,"minecraft:spyglass":1,"minecraft:mutton":17,"minecraft:obsidian":8,"minecraft:wooden_axe":32,"minecraft:iron_axe":25,"minecraft:golden_carrot":5,"minecraft:beef":1,"minecraft:furnace":1,"minecraft:cooked_beef":12,"minecraft:cobbled_deepslate":11,"minecraft:pumpkin":1,"minecraft:golden_axe":17,"minecraft:cooked_mutton":3,"minecraft:water_bucket":7,"minecraft:diorite":12,"minecraft:stone_pickaxe":74,"minecraft:baked_potato":7,"minecraft:wooden_pickaxe":6,"minecraft:cauldron":1,"minecraft:glow_berries":14,"minecraft:crafting_table":3,"minecraft:blast_furnace":2,"minecraft:white_bed":2,"minecraft:shears":1,"minecraft:smoker":1,"minecraft:diamond_pickaxe":40,"minecraft:black_wool":1,"minecraft:crying_obsidian":2,"minecraft:chicken":5,"minecraft:bread":24,"minecraft:iron_pickaxe":502,"minecraft:golden_helmet":1,"minecraft:diamond_sword":260,"minecraft:cobblestone":54,"minecraft:porkchop":9,"minecraft:bucket":8},"minecraft:killed_by":{"minecraft:zombie":1},"minecraft:picked_up":{"minecraft:wooden_axe":1,"minecraft:iron_chestplate":1,"minecraft:crafting_table":2,"minecraft:chicken":19,"minecraft:golden_pickaxe":1,"minecraft:diamond_sword":1,"minecraft:shield":1,"minecraft:string":4,"minecraft:raw_copper":102,"minecraft:cobbled_deepslate":55,"minecraft:beef":23,"minecraft:iron_nugget":9,"minecraft:iron_pickaxe":2,"minecraft:light_gray_wool":4,"minecraft:sugar_cane":16,"minecraft:chest":3,"minecraft:iron_boots":1,"minecraft:egg":3,"minecraft:raw_iron":86,"minecraft:big_dripleaf":3,"minecraft:oak_fence":7,"minecraft:torch":23,"minecraft:porkchop":27,"minecraft:pointed_dripstone":6,"minecraft:diorite":19,"minecraft:carrot":3,"minecraft:cauldron":1,"minecraft:arrow":10,"minecraft:rotten_flesh":21,"minecraft:tropical_fish":2,"minecraft:hay_block":7,"minecraft:carved_pumpkin":1,"minecraft:obsidian":9,"minecraft:glow_berries":14,"minecraft:mutton":58,"minecraft:cobblestone":222,"minecraft:white_wool":25,"minecraft:feather":6,"minecraft:cooked_beef":14,"minecraft:water_bucket":1,"minecraft:andesite":36,"minecraft:leather":7,"minecraft:golden_leggings":1,"minecraft:flint":2,"minecraft:tuff":1,"minecraft:oak_log":25,"minecraft:dirt":67,"minecraft:lapis_lazuli":54,"minecraft:cooked_mutton":9,"minecraft:bone":12,"minecraft:wheat_seeds":12,"minecraft:oak_fence_gate":1,"minecraft:moss_block":1,"minecraft:iron_sword":1,"minecraft:dark_oak_slab":1,"minecraft:cooked_porkchop":6,"minecraft:pumpkin":8,"minecraft:dripstone_block":1,"minecraft:dandelion":1,"minecraft:spyglass":1,"minecraft:gravel":2,"minecraft:sand":1,"minecraft:blast_furnace":1,"minecraft:white_bed":1,"minecraft:crying_obsidian":2,"minecraft:spider_eye":3,"minecraft:pumpkin_seeds":4,"minecraft:diamond":9,"minecraft:iron_helmet":1,"minecraft:crossbow":1,"minecraft:granite":36,"minecraft:gray_wool":2,"minecraft:bread":3,"minecraft:baked_potato":45,"minecraft:oak_sapling":1,"minecraft:dark_oak_fence":5,"minecraft:black_wool":1,"minecraft:coal":220,"minecraft:diamond_pickaxe":1}},"DataVersion":3955}