{"stats":{"minecraft:killed":{"minecraft:spider":4,"minecraft:skeleton":12,"minecraft:chicken":19,"minecraft:pig":15,"minecraft:iron_golem":1,"minecraft:sheep":31,"minecraft:pillager":8,"minecraft:zombie":20,"minecraft:cow":9,"minecraft:bat":1},"minecraft:crafted":{"minecraft:oak_planks":144,"minecraft:smooth_stone":3,"minecraft:cooked_chicken":14,"minecraft:stone":3,"minecraft:cooked_mutton":27,"minecraft:diamond_helmet":1,"minecraft:iron_boots":2,"minecraft:smoker":1,"minecraft:oak_slab":66,"minecraft:cooked_porkchop":18,"minecraft:crafting_table":1,"minecraft:iron_helmet":1,"minecraft:wooden_pickaxe":1,"minecraft:baked_potato":45,"minecraft:copper_ingot":48,"minecraft:oak_wood":6,"minecraft:iron_chestplate":2,"minecraft:book":2,"minecraft:paper":6,"minecraft:diamond_pickaxe":1,"minecraft:shield":1,"minecraft:stick":108,"minecraft:iron_ingot":102,"minecraft:iron_pickaxe":3,"minecraft:stone_sword":1,"minecraft:gold_ingot":2,"minecraft:shears":1,"minecraft:wooden_sword":1,"minecraft:fishing_rod":1,"minecraft:spyglass":2,"minecraft:furnace":4,"minecraft:blast_furnace":1,"minecraft:iron_axe":1,"minecraft:stone_pickaxe":1,"minecraft:cooked_beef":19,"minecraft:crimson_planks":4,"minecraft:diamond_sword":1,"minecraft:enchanting_table":1,"minecraft:iron_sword":1,"minecraft:bucket":2,"minecraft:wooden_axe":1,"minecraft:iron_leggings":1,"minecraft:white_bed":1,"minecraft:torch":336},"minecraft:custom":{"minecraft:interact_with_crafting_table":43,"minecraft:bell_ring":44,"minecraft:leave_game":3,"minecraft:time_since_death":102757,"minecraft:sprint_one_cm":1043506,"minecraft:damage_blocked_by_shield":2720,"minecraft:drop":79,"minecraft:talked_to_villager":32,"minecraft:play_time":323209,"minecraft:deaths":2,"minecraft:jump":7375,"minecraft:walk_on_water_one_cm":80280,"minecraft:interact_with_furnace":44,"minecraft:sleep_in_bed":7,"minecraft:damage_dealt":16133,"minecraft:crouch_one_cm":17166,"minecraft:interact_with_smoker":21,"minecraft:mob_kills":120,"minecraft:fill_cauldron":1,"minecraft:climb_one_cm":2994,"minecraft:walk_one_cm":803453,"minecraft:sneak_time":6587,"minecraft:walk_under_water_one_cm":38983,"minecraft:interact_with_blast_furnace":20,"minecraft:total_world_time":323209,"minecraft:time_since_rest":35152,"minecraft:damage_taken":4467,"minecraft:swim_one_cm":127890,"minecraft:fly_one_cm":1806489,"minecraft:open_chest":138,"minecraft:fall_one_cm":169303},"minecraft:mined":{"minecraft:spruce_planks":1,"minecraft:white_bed":3,"minecraft:obsidian":12,"minecraft:carved_pumpkin":1,"minecraft:granite":35,"minecraft:cave_vines_plant":10,"minecraft:grass_block":9,"minecraft:iron_ore":87,"minecraft:fire":2,"minecraft:pumpkin":8,"minecraft:deepslate_lapis_ore":2,"minecraft:cave_vines":6,"minecraft:green_carpet":1,"minecraft:azalea":1,"minecraft:crimson_nylium":1,"minecraft:torch":4,"minecraft:blast_furnace":1,"minecraft:chest":4,"minecraft:cobblestone":7,"minecraft:sugar_cane":8,"minecraft:oak_planks":1,"minecraft:wall_torch":4,"minecraft:cauldron":1,"minecraft:dark_oak_slab":1,"minecraft:nether_wart_block":2,"minecraft:oak_log":42,"minecraft:oak_fence_gate":1,"minecraft:sand":3,"minecraft:dirt":22,"minecraft:stonecutter":4,"minecraft:netherrack":121,"minecraft:oak_leaves":18,"minecraft:deepslate":63,"minecraft:nether_gold_ore":15,"minecraft:crying_obsidian":3,"minecraft:tuff":1,"minecraft:deepslate_diamond_ore":14,"minecraft:dark_oak_fence":6,"minecraft:moss_block":1,"minecraft:crimson_stem":1,"minecraft:hay_block":7,"minecraft:andesite":34,"minecraft:deepslate_iron_ore":8,"minecraft:stone":158,"minecraft:oak_slab":6,"minecraft:oak_fence":7,"minecraft:crafting_table":2,"minecraft:short_grass":117,"minecraft:lectern":5,"minecraft:tall_grass":2,"minecraft:copper_ore":13,"minecraft:lapis_ore":4,"minecraft:deepslate_gold_ore":2,"minecraft:diorite":23,"minecraft:big_dripleaf":1,"minecraft:yellow_bed":6,"minecraft:coal_ore":181,"minecraft:gravel":4,"minecraft:dripstone_block":1,"minecraft:cobweb":16,"minecraft:small_dripleaf":1},"minecraft:dropped":{"minecraft:iron_sword":1,"minecraft:moss_block":1,"minecraft:porkchop":4,"minecraft:golden_pickaxe":2,"minecraft:weeping_vines":2,"minecraft:leather":1,"minecraft:emerald":1,"minecraft:dirt":35,"minecraft:crimson_roots":10,"minecraft:gold_nugget":128,"minecraft:fishing_rod":4,"minecraft:white_wool":13,"minecraft:gold_ingot":38,"minecraft:crimson_fungus":1,"minecraft:spyglass":2,"minecraft:obsidian":1,"minecraft:rotten_flesh":1,"minecraft:golden_shovel":3,"minecraft:honey_bottle":2,"minecraft:carrot":2,"minecraft:rabbit_foot":1,"minecraft:oak_fence_gate":1,"minecraft:beef":3,"minecraft:netherrack":122,"minecraft:egg":2,"minecraft:water_bucket":1,"minecraft:iron_ingot":12,"minecraft:bread":9,"minecraft:wheat_seeds":6,"minecraft:golden_helmet":1,"minecraft:golden_horse_armor":2,"minecraft:dripstone_block":2,"minecraft:oak_fence":7,"minecraft:book":1,"minecraft:spectral_arrow":23,"minecraft:granite":9,"minecraft:copper_ingot":44,"minecraft:tropical_fish":1,"minecraft:golden_apple":3,"minecraft:gray_wool":1,"minecraft:wooden_axe":1,"minecraft:nether_wart_block":3,"minecraft:diamond_helmet":1,"minecraft:fire_charge":1,"minecraft:pumpkin":7,"minecraft:stonecutter":1,"minecraft:iron_axe":1,"minecraft:string":50,"minecraft:bucket":1,"minecraft:light_gray_wool":2,"minecraft:shears":1,"minecraft:pumpkin_seeds":4,"minecraft:flint_and_steel":1,"minecraft:shroomlight":1,"minecraft:shield":1,"minecraft:spruce_planks":56,"minecraft:carved_pumpkin":1,"minecraft:spider_eye":2},"minecraft:broken":{"minecraft:golden_leggings":1,"minecraft:iron_sword":1,"minecraft:stone_sword":1,"minecraft:golden_axe":1,"minecraft:iron_pickaxe":1},"minecraft:used":{"minecraft:chest":4,"minecraft:shield":94,"minecraft:iron_sword":298,"minecraft:iron_chestplate":1,"minecraft:mutton":17,"minecraft:obsidian":8,"minecraft:furnace":1,"minecraft:diorite":12,"minecraft:stone_pickaxe":74,"minecraft:oak_planks":2,"minecraft:wooden_pickaxe":6,"minecraft:glow_berries":15,"minecraft:blast_furnace":2,"minecraft:crossbow":4,"minecraft:shears":1,"minecraft:crying_obsidian":2,"minecraft:bread":26,"minecraft:lectern":6,"minecraft:gravel":1,"minecraft:golden_helmet":1,"minecraft:diamond_sword":355,"minecraft:enchanting_table":1,"minecraft:stone_sword":130,"minecraft:flint_and_steel":4,"minecraft:cooked_chicken":6,"minecraft:netherrack":25,"minecraft:torch":303,"minecraft:dirt":22,"minecraft:spyglass":22,"minecraft:granite":21,"minecraft:wooden_axe":32,"minecraft:iron_axe":75,"minecraft:crimson_planks":4,"minecraft:golden_carrot":5,"minecraft:beef":1,"minecraft:cooked_beef":15,"minecraft:cobbled_deepslate":24,"minecraft:pumpkin":1,"minecraft:golden_axe":17,"minecraft:cooked_mutton":15,"minecraft:water_bucket":13,"minecraft:baked_potato":15,"minecraft:cauldron":1,"minecraft:stonecutter":3,"minecraft:crafting_table":3,"minecraft:oak_slab":25,"minecraft:white_bed":3,"minecraft:smoker":1,"minecraft:diamond_pickaxe":248,"minecraft:black_wool":1,"minecraft:chicken":5,"minecraft:iron_pickaxe":510,"minecraft:cobblestone":58,"minecraft:porkchop":9,"minecraft:cooked_porkchop":1,"minecraft:bucket":14,"minecraft:yellow_bed":6},"minecraft:killed_by":{"minecraft:creeper":1,"minecraft:zombie":1},"minecraft:picked_up":{"minecraft:wooden_axe":1,"minecraft:iron_chestplate":2,"minecraft:diamond_sword":2,"minecraft:golden_shovel":2,"minecraft:nether_brick":7,"minecraft:string":80,"minecraft:raw_copper":102,"minecraft:shroomlight":1,"minecraft:gold_nugget":122,"minecraft:cobbled_deepslate":77,"minecraft:bucket":1,"minecraft:spruce_planks":58,"minecraft:iron_pickaxe":5,"minecraft:iron_boots":1,"minecraft:golden_helmet":1,"minecraft:big_dripleaf":3,"minecraft:oak_fence":21,"minecraft:torch":39,"minecraft:porkchop":31,"minecraft:pointed_dripstone":12,"minecraft:diorite":19,"minecraft:cauldron":1,"minecraft:rabbit_foot":1,"minecraft:honey_bottle":2,"minecraft:rotten_flesh":44,"minecraft:tropical_fish":4,"minecraft:carved_pumpkin":3,"minecraft:obsidian":18,"minecraft:cobblestone":231,"minecraft:cooked_beef":17,"minecraft:feather":11,"minecraft:water_bucket":3,"minecraft:andesite":36,"minecraft:golden_leggings":1,"minecraft:flint":2,"minecraft:tuff":1,"minecraft:lapis_lazuli":66,"minecraft:dirt":137,"minecraft:name_tag":1,"minecraft:bone":22,"minecraft:stonecutter":5,"minecraft:wheat_seeds":24,"minecraft:raw_gold":2,"minecraft:diamond_helmet":1,"minecraft:moss_block":1,"minecraft:oak_planks":1,"minecraft:cooked_porkchop":20,"minecraft:sand":1,"minecraft:spectral_arrow":23,"minecraft:diamond":26,"minecraft:crossbow":2,"minecraft:granite":36,"minecraft:golden_apple":5,"minecraft:bread":23,"minecraft:golden_horse_armor":2,"minecraft:emerald":1,"minecraft:oak_sapling":2,"minecraft:netherrack":213,"minecraft:dark_oak_fence":5,"minecraft:crimson_roots":10,"minecraft:diamond_pickaxe":2,"minecraft:fishing_rod":3,"minecraft:crafting_table":2,"minecraft:chicken":19,"minecraft:golden_pickaxe":3,"minecraft:shield":3,"minecraft:iron_axe":1,"minecraft:iron_shovel":1,"minecraft:beef":23,"minecraft:iron_nugget":9,"minecraft:light_gray_wool":8,"minecraft:lectern":6,"minecraft:sugar_cane":16,"minecraft:chest":4,"minecraft:egg":5,"minecraft:raw_iron":109,"minecraft:copper_ingot":132,"minecraft:fire_charge":2,"minecraft:carrot":4,"minecraft:arrow":58,"minecraft:weeping_vines":2,"minecraft:shears":2,"minecraft:hay_block":7,"minecraft:gold_ingot":36,"minecraft:mutton":58,"minecraft:glow_berries":18,"minecraft:white_wool":51,"minecraft:crimson_stem":1,"minecraft:salmon":3,"minecraft:leather":17,"minecraft:crimson_fungus":1,"minecraft:oak_log":42,"minecraft:yellow_bed":6,"minecraft:nether_wart_block":3,"minecraft:cooked_mutton":33,"minecraft:rabbit_hide":1,"minecraft:iron_ingot":15,"minecraft:oak_fence_gate":3,"minecraft:cooked_chicken":8,"minecraft:iron_sword":2,"minecraft:oak_slab":4,"minecraft:dark_oak_slab":1,"minecraft:pumpkin":22,"minecraft:dandelion":1,"minecraft:spyglass":3,"minecraft:dripstone_block":4,"minecraft:gravel":3,"minecraft:blast_furnace":1,"minecraft:white_bed":3,"minecraft:crying_obsidian":3,"minecraft:green_carpet":1,"minecraft:spider_eye":5,"minecraft:pumpkin_seeds":12,"minecraft:iron_helmet":2,"minecraft:gray_wool":4,"minecraft:baked_potato":83,"minecraft:black_wool":1,"minecraft:coal":264}},"DataVersion":3955}