{"stats":{"minecraft:custom":{"minecraft:jump":241,"minecraft:open_chest":2,"minecraft:time_since_rest":8847,"minecraft:damage_taken":1518,"minecraft:damage_dealt":31,"minecraft:walk_one_cm":86473,"minecraft:leave_game":4,"minecraft:sprint_one_cm":153495,"minecraft:play_time":29401,"minecraft:time_since_death":10912,"minecraft:walk_on_water_one_cm":1503,"minecraft:deaths":4,"minecraft:sleep_in_bed":1,"minecraft:sneak_time":52,"minecraft:total_world_time":29401,"minecraft:walk_under_water_one_cm":2965,"minecraft:fall_one_cm":14600,"minecraft:fly_one_cm":26481},"minecraft:mined":{"minecraft:short_grass":1,"minecraft:oak_leaves":1},"minecraft:killed_by":{"minecraft:zombie":1,"minecraft:spider":1},"minecraft:picked_up":{"minecraft:rotten_flesh":1}},"DataVersion":3955}