{"stats":{"minecraft:killed":{"minecraft:spider":1,"minecraft:skeleton":4,"minecraft:chicken":15,"minecraft:pig":13,"minecraft:sheep":30,"minecraft:zombie":6,"minecraft:cow":8},"minecraft:used":{"minecraft:stone_sword":130,"minecraft:flint_and_steel":4,"minecraft:chest":2,"minecraft:shield":10,"minecraft:iron_sword":223,"minecraft:cooked_chicken":1,"minecraft:torch":59,"minecraft:dirt":21,"minecraft:mutton":17,"minecraft:obsidian":8,"minecraft:wooden_axe":32,"minecraft:iron_axe":25,"minecraft:golden_carrot":5,"minecraft:beef":1,"minecraft:furnace":1,"minecraft:pumpkin":1,"minecraft:golden_axe":17,"minecraft:cooked_mutton":3,"minecraft:water_bucket":1,"minecraft:diorite":12,"minecraft:stone_pickaxe":74,"minecraft:wooden_pickaxe":6,"minecraft:cauldron":1,"minecraft:glow_berries":14,"minecraft:crafting_table":3,"minecraft:blast_furnace":2,"minecraft:white_bed":2,"minecraft:shears":1,"minecraft:smoker":1,"minecraft:diamond_pickaxe":12,"minecraft:black_wool":1,"minecraft:crying_obsidian":2,"minecraft:chicken":5,"minecraft:bread":19,"minecraft:iron_pickaxe":296,"minecraft:golden_helmet":1,"minecraft:cobblestone":17,"minecraft:porkchop":9,"minecraft:bucket":2},"minecraft:custom":{"minecraft:mob_kills":77,"minecraft:interact_with_crafting_table":30,"minecraft:fill_cauldron":1,"minecraft:bell_ring":23,"minecraft:leave_game":1,"minecraft:time_since_death":135813,"minecraft:climb_one_cm":1094,"minecraft:sprint_one_cm":467816,"minecraft:walk_one_cm":241819,"minecraft:damage_blocked_by_shield":410,"minecraft:drop":5,"minecraft:talked_to_villager":1,"minecraft:play_time":135813,"minecraft:sneak_time":1082,"minecraft:walk_under_water_one_cm":23829,"minecraft:jump":3459,"minecraft:interact_with_blast_furnace":8,"minecraft:walk_on_water_one_cm":43130,"minecraft:total_world_time":135813,"minecraft:interact_with_furnace":35,"minecraft:sleep_in_bed":3,"minecraft:time_since_rest":57131,"minecraft:damage_taken":1164,"minecraft:damage_dealt":7488,"minecraft:swim_one_cm":102624,"minecraft:fly_one_cm":925000,"minecraft:open_chest":64,"minecraft:crouch_one_cm":2665,"minecraft:interact_with_smoker":12,"minecraft:fall_one_cm":79615},"minecraft:picked_up":{"minecraft:wooden_axe":1,"minecraft:crafting_table":2,"minecraft:chicken":15,"minecraft:golden_pickaxe":1,"minecraft:string":3,"minecraft:cobbled_deepslate":41,"minecraft:beef":20,"minecraft:iron_nugget":9,"minecraft:light_gray_wool":4,"minecraft:chest":2,"minecraft:egg":2,"minecraft:raw_iron":48,"minecraft:big_dripleaf":3,"minecraft:oak_fence":7,"minecraft:torch":6,"minecraft:porkchop":23,"minecraft:diorite":12,"minecraft:cauldron":1,"minecraft:arrow":1,"minecraft:rotten_flesh":9,"minecraft:tropical_fish":2,"minecraft:carved_pumpkin":1,"minecraft:mutton":43,"minecraft:glow_berries":14,"minecraft:obsidian":9,"minecraft:cobblestone":101,"minecraft:white_wool":24,"minecraft:feather":6,"minecraft:andesite":32,"minecraft:leather":6,"minecraft:tuff":1,"minecraft:oak_log":25,"minecraft:dirt":44,"minecraft:bone":3,"minecraft:wheat_seeds":10,"minecraft:oak_fence_gate":1,"minecraft:moss_block":1,"minecraft:iron_sword":1,"minecraft:pumpkin":8,"minecraft:dandelion":1,"minecraft:blast_furnace":1,"minecraft:white_bed":1,"minecraft:crying_obsidian":2,"minecraft:spider_eye":1,"minecraft:pumpkin_seeds":4,"minecraft:diamond":5,"minecraft:granite":34,"minecraft:gray_wool":2,"minecraft:oak_sapling":1,"minecraft:black_wool":1,"minecraft:coal":67},"minecraft:dropped":{"minecraft:iron_sword":1,"minecraft:moss_block":1,"minecraft:wooden_axe":1,"minecraft:rotten_flesh":1,"minecraft:beef":3},"minecraft:mined":{"minecraft:crying_obsidian":2,"minecraft:tuff":1,"minecraft:white_bed":1,"minecraft:deepslate_diamond_ore":5,"minecraft:obsidian":8,"minecraft:carved_pumpkin":1,"minecraft:cave_vines_plant":10,"minecraft:granite":34,"minecraft:grass_block":7,"minecraft:moss_block":1,"minecraft:iron_ore":46,"minecraft:fire":2,"minecraft:andesite":32,"minecraft:pumpkin":8,"minecraft:cave_vines":6,"minecraft:deepslate_iron_ore":2,"minecraft:azalea":1,"minecraft:stone":100,"minecraft:oak_fence":7,"minecraft:crafting_table":2,"minecraft:short_grass":73,"minecraft:blast_furnace":1,"minecraft:chest":2,"minecraft:tall_grass":1,"minecraft:diorite":19,"minecraft:wall_torch":1,"minecraft:big_dripleaf":1,"minecraft:cauldron":1,"minecraft:oak_log":25,"minecraft:coal_ore":69,"minecraft:oak_fence_gate":1,"minecraft:sand":2,"minecraft:dirt":20,"minecraft:small_dripleaf":1,"minecraft:oak_leaves":10,"minecraft:deepslate":41},"minecraft:crafted":{"minecraft:wooden_sword":1,"minecraft:oak_planks":52,"minecraft:smooth_stone":3,"minecraft:cooked_chicken":2,"minecraft:furnace":4,"minecraft:blast_furnace":1,"minecraft:stone":3,"minecraft:cooked_mutton":12,"minecraft:iron_boots":1,"minecraft:iron_axe":1,"minecraft:stone_pickaxe":1,"minecraft:smoker":1,"minecraft:cooked_beef":16,"minecraft:diamond_sword":1,"minecraft:cooked_porkchop":6,"minecraft:crafting_table":1,"minecraft:wooden_pickaxe":1,"minecraft:baked_potato":45,"minecraft:iron_helmet":1,"minecraft:iron_sword":1,"minecraft:bucket":1,"minecraft:oak_wood":6,"minecraft:iron_chestplate":1,"minecraft:diamond_pickaxe":1,"minecraft:shield":1,"minecraft:stick":48,"minecraft:iron_ingot":49,"minecraft:iron_pickaxe":3,"minecraft:wooden_axe":1,"minecraft:stone_sword":1,"minecraft:white_bed":1,"minecraft:torch":104,"minecraft:shears":1},"minecraft:broken":{"minecraft:stone_sword":1,"minecraft:golden_axe":1,"minecraft:iron_pickaxe":1}},"DataVersion":3955}