{"stats":{"minecraft:used":{"minecraft:dark_oak_planks":2},"minecraft:mined":{"minecraft:short_grass":2,"minecraft:grass_block":1},"minecraft:picked_up":{"minecraft:torch":1,"minecraft:dirt":1},"minecraft:killed_by":{"minecraft:zombie":2},"minecraft:custom":{"minecraft:jump":34,"minecraft:time_since_rest":10079,"minecraft:deaths":2,"minecraft:damage_dealt":44,"minecraft:play_time":20290,"minecraft:leave_game":3,"minecraft:sprint_one_cm":10952,"minecraft:damage_taken":525,"minecraft:time_since_death":6394,"minecraft:walk_one_cm":6693,"minecraft:total_world_time":20290,"minecraft:fly_one_cm":12466}},"DataVersion":3955}