{"stats":{"minecraft:killed":{"minecraft:pig":2,"minecraft:zombie_villager":1,"minecraft:spider":3,"minecraft:skeleton":3,"minecraft:sheep":4,"minecraft:zombie":4,"minecraft:chicken":7,"minecraft:drowned":1,"minecraft:enderman":1,"minecraft:cow":6},"minecraft:crafted":{"minecraft:cooked_beef":5,"minecraft:wooden_sword":1,"minecraft:oak_planks":56,"minecraft:cooked_porkchop":2,"minecraft:crafting_table":1,"minecraft:wooden_pickaxe":1,"minecraft:furnace":1,"minecraft:charcoal":3,"minecraft:shield":1,"minecraft:stick":24,"minecraft:iron_ingot":2,"minecraft:stone_pickaxe":5,"minecraft:stone_sword":1,"minecraft:white_bed":1,"minecraft:torch":12},"minecraft:custom":{"minecraft:interact_with_furnace":14,"minecraft:mob_kills":32,"minecraft:interact_with_crafting_table":10,"minecraft:leave_game":10,"minecraft:time_since_death":304,"minecraft:sleep_in_bed":4,"minecraft:time_since_rest":403,"minecraft:sprint_one_cm":714698,"minecraft:damage_taken":2093,"minecraft:walk_one_cm":463675,"minecraft:damage_blocked_by_shield":1082,"minecraft:drop":4,"minecraft:damage_dealt":3929,"minecraft:swim_one_cm":3305,"minecraft:fly_one_cm":265378,"minecraft:open_chest":2,"minecraft:crouch_one_cm":9122,"minecraft:play_time":137218,"minecraft:deaths":6,"minecraft:sneak_time":4195,"minecraft:walk_under_water_one_cm":4874,"minecraft:jump":1918,"minecraft:interact_with_blast_furnace":1,"minecraft:walk_on_water_one_cm":17062,"minecraft:total_world_time":137218,"minecraft:fall_one_cm":33456},"minecraft:dropped":{"minecraft:cobblestone":7,"minecraft:charcoal":2,"minecraft:dandelion":4},"minecraft:mined":{"minecraft:white_bed":3,"minecraft:dandelion":2,"minecraft:crafting_table":3,"minecraft:granite":2,"minecraft:short_grass":80,"minecraft:grass_block":4,"minecraft:cobblestone":1,"minecraft:sugar_cane":2,"minecraft:wall_torch":1,"minecraft:hay_block":7,"minecraft:purple_bed":1,"minecraft:furnace":4,"minecraft:iron_ore":2,"minecraft:andesite":12,"minecraft:birch_leaves":1,"minecraft:pumpkin":8,"minecraft:coal_ore":82,"minecraft:oak_log":43,"minecraft:sand":12,"minecraft:dirt":17,"minecraft:stone":173,"minecraft:oak_leaves":50},"minecraft:broken":{"minecraft:stone_pickaxe":1},"minecraft:used":{"minecraft:stone_sword":100,"minecraft:armor_stand":1,"minecraft:stone_pickaxe":258,"minecraft:shield":36,"minecraft:wooden_pickaxe":42,"minecraft:sugar_cane":3,"minecraft:torch":13,"minecraft:dirt":1,"minecraft:mutton":4,"minecraft:crafting_table":3,"minecraft:white_bed":3,"minecraft:apple":1,"minecraft:chicken":2,"minecraft:bread":7,"minecraft:wooden_sword":63,"minecraft:cobblestone":10,"minecraft:beef":3,"minecraft:purple_bed":1,"minecraft:furnace":4,"minecraft:cooked_porkchop":3,"minecraft:cooked_beef":5},"minecraft:killed_by":{"minecraft:skeleton":1,"minecraft:zombie":1,"minecraft:enderman":1,"minecraft:iron_golem":1},"minecraft:picked_up":{"minecraft:charcoal":2,"minecraft:iron_chestplate":1,"minecraft:crafting_table":4,"minecraft:feather":8,"minecraft:cooked_beef":2,"minecraft:chicken":3,"minecraft:andesite":24,"minecraft:leather":12,"minecraft:wooden_pickaxe":1,"minecraft:oak_log":47,"minecraft:shield":1,"minecraft:dirt":50,"minecraft:string":1,"minecraft:wooden_sword":1,"minecraft:armor_stand":3,"minecraft:bone":7,"minecraft:apple":1,"minecraft:wheat_seeds":12,"minecraft:beef":8,"minecraft:iron_ingot":1,"minecraft:stone_pickaxe":4,"minecraft:sugar_cane":3,"minecraft:oak_planks":26,"minecraft:furnace":5,"minecraft:stick":12,"minecraft:raw_iron":2,"minecraft:cooked_porkchop":1,"minecraft:pumpkin":8,"minecraft:torch":1,"minecraft:dandelion":6,"minecraft:porkchop":12,"minecraft:sand":21,"minecraft:white_bed":4,"minecraft:grass_block":1,"minecraft:spider_eye":1,"minecraft:purple_bed":1,"minecraft:stone_sword":1,"minecraft:arrow":9,"minecraft:rotten_flesh":10,"minecraft:iron_helmet":2,"minecraft:hay_block":8,"minecraft:granite":2,"minecraft:bread":29,"minecraft:oak_sapling":10,"minecraft:mutton":6,"minecraft:coal":240,"minecraft:white_wool":4,"minecraft:cobblestone":294}},"DataVersion":3955}