{"stats":{"minecraft:killed":{"minecraft:cave_spider":8,"minecraft:spider":9,"minecraft:skeleton":29,"minecraft:chicken":3,"minecraft:silverfish":6,"minecraft:pig":8,"minecraft:zombie_villager":1,"minecraft:salmon":1,"minecraft:creeper":2,"minecraft:sheep":23,"minecraft:pillager":7,"minecraft:zombie":42,"minecraft:donkey":1,"minecraft:cow":20},"minecraft:crafted":{"minecraft:oak_planks":180,"minecraft:furnace":4,"minecraft:bone_meal":33,"minecraft:cooked_mutton":15,"minecraft:iron_boots":2,"minecraft:iron_axe":3,"minecraft:stone_pickaxe":2,"minecraft:chest":4,"minecraft:dark_oak_planks":8,"minecraft:wheat":324,"minecraft:cooked_porkchop":6,"minecraft:crafting_table":11,"minecraft:spruce_planks":120,"minecraft:wooden_pickaxe":5,"minecraft:iron_helmet":2,"minecraft:iron_sword":1,"minecraft:bucket":2,"minecraft:stone_axe":1,"minecraft:bread":108,"minecraft:air":0,"minecraft:iron_chestplate":1,"minecraft:shield":2,"minecraft:stick":64,"minecraft:iron_ingot":81,"minecraft:iron_pickaxe":4,"minecraft:wooden_axe":6,"minecraft:iron_leggings":2},"minecraft:custom":{"minecraft:mob_kills":163,"minecraft:interact_with_crafting_table":54,"minecraft:open_barrel":5,"minecraft:leave_game":5,"minecraft:time_since_death":128714,"minecraft:climb_one_cm":1317,"minecraft:sprint_one_cm":812423,"minecraft:walk_one_cm":642212,"minecraft:damage_blocked_by_shield":2317,"minecraft:drop":54,"minecraft:play_time":314273,"minecraft:deaths":5,"minecraft:sneak_time":19465,"minecraft:walk_under_water_one_cm":19360,"minecraft:jump":5678,"minecraft:walk_on_water_one_cm":50477,"minecraft:total_world_time":314273,"minecraft:interact_with_furnace":48,"minecraft:sleep_in_bed":4,"minecraft:time_since_rest":35550,"minecraft:damage_taken":4847,"minecraft:damage_dealt":25655,"minecraft:swim_one_cm":77950,"minecraft:fly_one_cm":1000949,"minecraft:open_chest":35,"minecraft:crouch_one_cm":35472,"minecraft:fall_one_cm":158264,"minecraft:inspect_dispenser":1},"minecraft:mined":{"minecraft:large_amethyst_bud":4,"minecraft:tuff":7,"minecraft:spruce_planks":9,"minecraft:white_bed":1,"minecraft:mossy_cobblestone":2,"minecraft:deepslate_diamond_ore":36,"minecraft:cobblestone_stairs":1,"minecraft:dark_oak_log":2,"minecraft:dark_oak_fence":6,"minecraft:potted_dead_bush":1,"minecraft:granite":31,"minecraft:grass_block":8,"minecraft:decorated_pot":20,"minecraft:spruce_leaves":5,"minecraft:chiseled_tuff_bricks":2,"minecraft:tuff_bricks":6,"minecraft:spawner":2,"minecraft:large_fern":2,"minecraft:hay_block":116,"minecraft:furnace":6,"minecraft:iron_ore":137,"minecraft:cobbled_deepslate":18,"minecraft:andesite":11,"minecraft:deepslate_lapis_ore":3,"minecraft:deepslate_iron_ore":19,"minecraft:rail":16,"minecraft:stone":351,"minecraft:deepslate_redstone_ore":1,"minecraft:brown_mushroom":1,"minecraft:medium_amethyst_bud":1,"minecraft:amethyst_cluster":12,"minecraft:crafting_table":18,"minecraft:oak_fence":1,"minecraft:short_grass":27,"minecraft:blast_furnace":1,"minecraft:calcite":2,"minecraft:chest":3,"minecraft:cobblestone":56,"minecraft:tall_grass":2,"minecraft:deepslate_gold_ore":45,"minecraft:lapis_ore":5,"minecraft:oak_planks":11,"minecraft:sugar_cane":26,"minecraft:diorite":7,"minecraft:blue_bed":1,"minecraft:amethyst_block":1,"minecraft:spruce_log":13,"minecraft:yellow_bed":2,"minecraft:oak_log":45,"minecraft:coal_ore":84,"minecraft:sand":2,"minecraft:gravel":1,"minecraft:dirt":18,"minecraft:gold_ore":1,"minecraft:oak_leaves":16,"minecraft:deepslate":135},"minecraft:dropped":{"minecraft:bread":29,"minecraft:wheat_seeds":2,"minecraft:oak_fence":1,"minecraft:leather":14,"minecraft:amethyst_block":1,"minecraft:granite":13,"minecraft:cobblestone_stairs":2,"minecraft:stick":2,"minecraft:diorite":4,"minecraft:dark_oak_fence":1,"minecraft:torch":69,"minecraft:iron_axe":4,"minecraft:iron_pickaxe":3,"minecraft:cobbled_deepslate":31,"minecraft:golden_shovel":6,"minecraft:flower_pot":1,"minecraft:spruce_planks":3,"minecraft:andesite":13,"minecraft:melon_seeds":2,"minecraft:arrow":4,"minecraft:bow":1,"minecraft:stone_pickaxe":3},"minecraft:broken":{"minecraft:wooden_pickaxe":2,"minecraft:stone_axe":1,"minecraft:iron_pickaxe":1,"minecraft:wooden_axe":3},"minecraft:used":{"minecraft:spruce_planks":6,"minecraft:chest":5,"minecraft:shield":79,"minecraft:iron_sword":65,"minecraft:trial_key":3,"minecraft:iron_chestplate":1,"minecraft:dirt":8,"minecraft:golden_shovel":4,"minecraft:dark_oak_planks":1,"minecraft:wooden_axe":130,"minecraft:iron_axe":240,"minecraft:iron_helmet":1,"minecraft:iron_boots":1,"minecraft:hay_block":3,"minecraft:oak_sapling":1,"minecraft:furnace":7,"minecraft:cobbled_deepslate":34,"minecraft:iron_leggings":1,"minecraft:calcite":1,"minecraft:cooked_mutton":9,"minecraft:water_bucket":82,"minecraft:diorite":6,"minecraft:stone_pickaxe":227,"minecraft:oak_planks":1,"minecraft:wooden_pickaxe":136,"minecraft:blue_bed":1,"minecraft:salmon":1,"minecraft:crafting_table":22,"minecraft:white_bed":1,"minecraft:chicken":1,"minecraft:bread":70,"minecraft:iron_pickaxe":719,"minecraft:gravel":4,"minecraft:spruce_sapling":2,"minecraft:stone_axe":68,"minecraft:cobblestone":305,"minecraft:cooked_porkchop":6,"minecraft:porkchop":4,"minecraft:bucket":84,"minecraft:yellow_bed":1},"minecraft:killed_by":{"minecraft:creeper":1,"minecraft:spider":2,"minecraft:skeleton":1},"minecraft:picked_up":{"minecraft:wooden_axe":1,"minecraft:iron_chestplate":1,"minecraft:crafting_table":17,"minecraft:wheat":48,"minecraft:ominous_bottle":2,"minecraft:chicken":3,"minecraft:flower_pot":1,"minecraft:enchanted_book":2,"minecraft:golden_shovel":6,"minecraft:diamond_horse_armor":1,"minecraft:brick":54,"minecraft:shield":1,"minecraft:amethyst_block":1,"minecraft:string":126,"minecraft:iron_axe":5,"minecraft:cobbled_deepslate":152,"minecraft:spruce_planks":9,"minecraft:beef":41,"minecraft:trial_key":2,"minecraft:calcite":1,"minecraft:iron_nugget":4,"minecraft:iron_pickaxe":3,"minecraft:sugar_cane":54,"minecraft:chest":3,"minecraft:iron_boots":1,"minecraft:furnace":6,"minecraft:tipped_arrow":14,"minecraft:stick":5,"minecraft:raw_iron":187,"minecraft:oak_fence":1,"minecraft:torch":128,"minecraft:porkchop":22,"minecraft:flow_pottery_sherd":1,"minecraft:diorite":10,"minecraft:honey_bottle":2,"minecraft:arrow":77,"minecraft:rotten_flesh":38,"minecraft:decorated_pot":6,"minecraft:hay_block":115,"minecraft:tuff_bricks":6,"minecraft:mutton":44,"minecraft:cobblestone":508,"minecraft:rail":17,"minecraft:white_wool":28,"minecraft:andesite":14,"minecraft:salmon":1,"minecraft:leather":46,"minecraft:potato":10,"minecraft:tuff":6,"minecraft:oak_log":45,"minecraft:yellow_bed":3,"minecraft:gunpowder":11,"minecraft:cobblestone_stairs":2,"minecraft:blue_bed":1,"minecraft:lapis_lazuli":65,"minecraft:dirt":53,"minecraft:name_tag":1,"minecraft:bone":47,"minecraft:bow":4,"minecraft:wheat_seeds":4,"minecraft:raw_gold":46,"minecraft:iron_ingot":8,"minecraft:stone_pickaxe":1,"minecraft:guster_banner_pattern":1,"minecraft:scrape_pottery_sherd":1,"minecraft:oak_planks":177,"minecraft:dripstone_block":6,"minecraft:gravel":7,"minecraft:amethyst_shard":44,"minecraft:blast_furnace":1,"minecraft:spruce_sapling":2,"minecraft:dead_bush":1,"minecraft:white_bed":1,"minecraft:spruce_log":43,"minecraft:dark_oak_log":2,"minecraft:spider_eye":4,"minecraft:mossy_cobblestone":2,"minecraft:diamond":34,"minecraft:granite":32,"minecraft:golden_apple":1,"minecraft:spruce_sign":1,"minecraft:bread":50,"minecraft:emerald":22,"minecraft:oak_sapling":2,"minecraft:dark_oak_fence":7,"minecraft:melon_seeds":2,"minecraft:coal":147,"minecraft:chiseled_tuff_bricks":1}},"DataVersion":3955}