{"stats":{"minecraft:killed":{"minecraft:cave_spider":8,"minecraft:spider":5,"minecraft:skeleton":17,"minecraft:chicken":3,"minecraft:pig":8,"minecraft:zombie_villager":1,"minecraft:salmon":1,"minecraft:creeper":1,"minecraft:sheep":23,"minecraft:zombie":26,"minecraft:donkey":1,"minecraft:cow":20},"minecraft:crafted":{"minecraft:oak_planks":180,"minecraft:furnace":4,"minecraft:cooked_mutton":15,"minecraft:iron_boots":2,"minecraft:iron_axe":2,"minecraft:stone_pickaxe":2,"minecraft:chest":2,"minecraft:wheat":324,"minecraft:cooked_porkchop":6,"minecraft:crafting_table":10,"minecraft:wooden_pickaxe":5,"minecraft:iron_helmet":2,"minecraft:bucket":1,"minecraft:stone_axe":1,"minecraft:bread":93,"minecraft:air":0,"minecraft:iron_chestplate":1,"minecraft:shield":2,"minecraft:stick":44,"minecraft:iron_ingot":81,"minecraft:iron_pickaxe":3,"minecraft:wooden_axe":6,"minecraft:iron_leggings":2},"minecraft:custom":{"minecraft:mob_kills":116,"minecraft:interact_with_crafting_table":49,"minecraft:leave_game":5,"minecraft:time_since_death":50714,"minecraft:sprint_one_cm":509388,"minecraft:walk_one_cm":431826,"minecraft:damage_blocked_by_shield":1554,"minecraft:drop":36,"minecraft:play_time":236273,"minecraft:deaths":5,"minecraft:sneak_time":14910,"minecraft:walk_under_water_one_cm":12563,"minecraft:jump":3665,"minecraft:walk_on_water_one_cm":40080,"minecraft:total_world_time":236273,"minecraft:interact_with_furnace":48,"minecraft:sleep_in_bed":2,"minecraft:time_since_rest":16416,"minecraft:damage_taken":3642,"minecraft:damage_dealt":16532,"minecraft:swim_one_cm":62239,"minecraft:fly_one_cm":642304,"minecraft:open_chest":18,"minecraft:crouch_one_cm":25500,"minecraft:fall_one_cm":104620},"minecraft:mined":{"minecraft:large_amethyst_bud":4,"minecraft:tuff":3,"minecraft:spruce_planks":3,"minecraft:white_bed":1,"minecraft:deepslate_diamond_ore":16,"minecraft:cobblestone_stairs":1,"minecraft:potted_dead_bush":1,"minecraft:granite":31,"minecraft:grass_block":8,"minecraft:decorated_pot":8,"minecraft:spruce_leaves":4,"minecraft:chiseled_tuff_bricks":2,"minecraft:tuff_bricks":4,"minecraft:spawner":2,"minecraft:large_fern":2,"minecraft:hay_block":109,"minecraft:furnace":6,"minecraft:iron_ore":122,"minecraft:cobbled_deepslate":18,"minecraft:andesite":11,"minecraft:deepslate_lapis_ore":3,"minecraft:deepslate_iron_ore":10,"minecraft:rail":16,"minecraft:stone":347,"minecraft:deepslate_redstone_ore":1,"minecraft:brown_mushroom":1,"minecraft:medium_amethyst_bud":1,"minecraft:amethyst_cluster":12,"minecraft:crafting_table":18,"minecraft:oak_fence":1,"minecraft:short_grass":18,"minecraft:calcite":2,"minecraft:chest":2,"minecraft:cobblestone":36,"minecraft:tall_grass":2,"minecraft:deepslate_gold_ore":15,"minecraft:lapis_ore":5,"minecraft:oak_planks":11,"minecraft:sugar_cane":16,"minecraft:diorite":7,"minecraft:blue_bed":1,"minecraft:amethyst_block":1,"minecraft:spruce_log":13,"minecraft:yellow_bed":2,"minecraft:oak_log":45,"minecraft:coal_ore":77,"minecraft:gravel":1,"minecraft:dirt":18,"minecraft:oak_leaves":16,"minecraft:deepslate":116},"minecraft:dropped":{"minecraft:bread":29,"minecraft:wheat_seeds":1,"minecraft:oak_fence":1,"minecraft:leather":14,"minecraft:amethyst_block":1,"minecraft:granite":13,"minecraft:cobblestone_stairs":2,"minecraft:stick":2,"minecraft:diorite":4,"minecraft:iron_axe":1,"minecraft:iron_pickaxe":1,"minecraft:spruce_planks":3,"minecraft:andesite":13,"minecraft:melon_seeds":2,"minecraft:arrow":4,"minecraft:stone_pickaxe":3},"minecraft:broken":{"minecraft:wooden_pickaxe":2,"minecraft:stone_axe":1,"minecraft:iron_pickaxe":1,"minecraft:wooden_axe":3},"minecraft:used":{"minecraft:chest":2,"minecraft:shield":56,"minecraft:iron_chestplate":1,"minecraft:dirt":8,"minecraft:wooden_axe":130,"minecraft:iron_axe":126,"minecraft:iron_helmet":1,"minecraft:iron_boots":1,"minecraft:hay_block":3,"minecraft:oak_sapling":1,"minecraft:furnace":7,"minecraft:cobbled_deepslate":34,"minecraft:iron_leggings":1,"minecraft:calcite":1,"minecraft:cooked_mutton":9,"minecraft:water_bucket":76,"minecraft:diorite":6,"minecraft:stone_pickaxe":227,"minecraft:oak_planks":1,"minecraft:wooden_pickaxe":136,"minecraft:blue_bed":1,"minecraft:salmon":1,"minecraft:crafting_table":21,"minecraft:white_bed":1,"minecraft:chicken":1,"minecraft:bread":35,"minecraft:iron_pickaxe":578,"minecraft:gravel":4,"minecraft:spruce_sapling":2,"minecraft:stone_axe":68,"minecraft:cobblestone":189,"minecraft:cooked_porkchop":6,"minecraft:porkchop":4,"minecraft:bucket":77,"minecraft:yellow_bed":1},"minecraft:killed_by":{"minecraft:creeper":1,"minecraft:spider":2,"minecraft:skeleton":1},"minecraft:picked_up":{"minecraft:wooden_axe":1,"minecraft:iron_chestplate":1,"minecraft:crafting_table":17,"minecraft:wheat":48,"minecraft:chicken":3,"minecraft:flower_pot":1,"minecraft:enchanted_book":2,"minecraft:diamond_horse_armor":1,"minecraft:brick":32,"minecraft:shield":1,"minecraft:amethyst_block":1,"minecraft:string":123,"minecraft:iron_axe":2,"minecraft:cobbled_deepslate":125,"minecraft:spruce_planks":3,"minecraft:beef":41,"minecraft:trial_key":1,"minecraft:calcite":1,"minecraft:iron_nugget":4,"minecraft:iron_pickaxe":2,"minecraft:sugar_cane":38,"minecraft:chest":2,"minecraft:furnace":6,"minecraft:stick":5,"minecraft:raw_iron":160,"minecraft:oak_fence":1,"minecraft:porkchop":22,"minecraft:diorite":10,"minecraft:arrow":34,"minecraft:rotten_flesh":30,"minecraft:hay_block":108,"minecraft:tuff_bricks":4,"minecraft:mutton":44,"minecraft:cobblestone":483,"minecraft:rail":17,"minecraft:white_wool":28,"minecraft:andesite":14,"minecraft:salmon":1,"minecraft:leather":46,"minecraft:potato":10,"minecraft:tuff":2,"minecraft:oak_log":45,"minecraft:yellow_bed":3,"minecraft:gunpowder":11,"minecraft:cobblestone_stairs":2,"minecraft:blue_bed":1,"minecraft:lapis_lazuli":65,"minecraft:dirt":53,"minecraft:name_tag":1,"minecraft:bone":27,"minecraft:bow":2,"minecraft:wheat_seeds":3,"minecraft:raw_gold":15,"minecraft:iron_ingot":4,"minecraft:stone_pickaxe":1,"minecraft:oak_planks":141,"minecraft:gravel":7,"minecraft:amethyst_shard":44,"minecraft:spruce_sapling":2,"minecraft:dead_bush":1,"minecraft:white_bed":1,"minecraft:spruce_log":43,"minecraft:spider_eye":3,"minecraft:diamond":15,"minecraft:granite":32,"minecraft:spruce_sign":1,"minecraft:bread":50,"minecraft:emerald":10,"minecraft:oak_sapling":2,"minecraft:melon_seeds":2,"minecraft:coal":141,"minecraft:chiseled_tuff_bricks":1}},"DataVersion":3955}