{"stats":{"minecraft:killed":{"minecraft:cave_spider":8,"minecraft:spider":4,"minecraft:skeleton":14,"minecraft:chicken":3,"minecraft:pig":8,"minecraft:zombie_villager":1,"minecraft:salmon":1,"minecraft:sheep":23,"minecraft:zombie":18,"minecraft:donkey":1,"minecraft:cow":20},"minecraft:crafted":{"minecraft:oak_planks":180,"minecraft:furnace":3,"minecraft:cooked_mutton":15,"minecraft:iron_boots":1,"minecraft:iron_axe":2,"minecraft:stone_pickaxe":2,"minecraft:wheat":324,"minecraft:cooked_porkchop":6,"minecraft:crafting_table":8,"minecraft:wooden_pickaxe":5,"minecraft:iron_helmet":1,"minecraft:bucket":1,"minecraft:stone_axe":1,"minecraft:bread":93,"minecraft:air":0,"minecraft:iron_chestplate":1,"minecraft:shield":2,"minecraft:stick":44,"minecraft:iron_ingot":40,"minecraft:iron_pickaxe":2,"minecraft:wooden_axe":6,"minecraft:iron_leggings":1},"minecraft:custom":{"minecraft:mob_kills":101,"minecraft:interact_with_crafting_table":40,"minecraft:leave_game":5,"minecraft:time_since_death":20714,"minecraft:sprint_one_cm":468713,"minecraft:walk_one_cm":372241,"minecraft:damage_blocked_by_shield":1109,"minecraft:drop":26,"minecraft:play_time":206273,"minecraft:deaths":5,"minecraft:sneak_time":11388,"minecraft:walk_under_water_one_cm":12563,"minecraft:jump":3383,"minecraft:walk_on_water_one_cm":39927,"minecraft:total_world_time":206273,"minecraft:interact_with_furnace":43,"minecraft:sleep_in_bed":2,"minecraft:time_since_rest":4974,"minecraft:damage_taken":3287,"minecraft:damage_dealt":13730,"minecraft:swim_one_cm":62239,"minecraft:fly_one_cm":631075,"minecraft:open_chest":14,"minecraft:crouch_one_cm":20486,"minecraft:fall_one_cm":99837},"minecraft:mined":{"minecraft:large_amethyst_bud":3,"minecraft:spruce_planks":1,"minecraft:white_bed":1,"minecraft:deepslate_diamond_ore":16,"minecraft:granite":17,"minecraft:grass_block":8,"minecraft:spruce_leaves":4,"minecraft:spawner":2,"minecraft:hay_block":109,"minecraft:furnace":5,"minecraft:iron_ore":94,"minecraft:cobbled_deepslate":18,"minecraft:andesite":11,"minecraft:deepslate_iron_ore":8,"minecraft:rail":16,"minecraft:stone":227,"minecraft:deepslate_redstone_ore":1,"minecraft:brown_mushroom":1,"minecraft:medium_amethyst_bud":1,"minecraft:amethyst_cluster":4,"minecraft:crafting_table":17,"minecraft:oak_fence":1,"minecraft:short_grass":18,"minecraft:chest":2,"minecraft:cobblestone":32,"minecraft:tall_grass":2,"minecraft:deepslate_gold_ore":15,"minecraft:lapis_ore":5,"minecraft:oak_planks":11,"minecraft:sugar_cane":16,"minecraft:diorite":4,"minecraft:blue_bed":1,"minecraft:amethyst_block":1,"minecraft:spruce_log":13,"minecraft:yellow_bed":2,"minecraft:oak_log":45,"minecraft:coal_ore":47,"minecraft:dirt":16,"minecraft:oak_leaves":16,"minecraft:deepslate":19},"minecraft:dropped":{"minecraft:bread":29,"minecraft:wheat_seeds":1,"minecraft:oak_fence":1,"minecraft:amethyst_block":1,"minecraft:granite":13,"minecraft:diorite":4,"minecraft:iron_pickaxe":1,"minecraft:spruce_planks":1,"minecraft:andesite":11,"minecraft:melon_seeds":2,"minecraft:stone_pickaxe":3},"minecraft:broken":{"minecraft:wooden_pickaxe":2,"minecraft:stone_axe":1,"minecraft:wooden_axe":3},"minecraft:used":{"minecraft:shield":40,"minecraft:iron_chestplate":1,"minecraft:dirt":8,"minecraft:wooden_axe":130,"minecraft:iron_axe":69,"minecraft:iron_boots":1,"minecraft:hay_block":3,"minecraft:oak_sapling":1,"minecraft:furnace":6,"minecraft:cobbled_deepslate":33,"minecraft:iron_leggings":1,"minecraft:cooked_mutton":9,"minecraft:water_bucket":76,"minecraft:diorite":3,"minecraft:stone_pickaxe":227,"minecraft:oak_planks":1,"minecraft:wooden_pickaxe":136,"minecraft:blue_bed":1,"minecraft:salmon":1,"minecraft:crafting_table":19,"minecraft:white_bed":1,"minecraft:chicken":1,"minecraft:bread":27,"minecraft:iron_pickaxe":253,"minecraft:spruce_sapling":2,"minecraft:stone_axe":68,"minecraft:cobblestone":155,"minecraft:cooked_porkchop":6,"minecraft:porkchop":4,"minecraft:bucket":77,"minecraft:yellow_bed":1},"minecraft:killed_by":{"minecraft:creeper":1,"minecraft:spider":2,"minecraft:skeleton":1},"minecraft:picked_up":{"minecraft:wooden_axe":1,"minecraft:iron_chestplate":1,"minecraft:crafting_table":17,"minecraft:wheat":48,"minecraft:chicken":3,"minecraft:enchanted_book":2,"minecraft:diamond_horse_armor":1,"minecraft:shield":1,"minecraft:amethyst_block":1,"minecraft:string":121,"minecraft:iron_axe":1,"minecraft:cobbled_deepslate":36,"minecraft:spruce_planks":1,"minecraft:beef":41,"minecraft:iron_nugget":4,"minecraft:iron_pickaxe":2,"minecraft:sugar_cane":38,"minecraft:chest":2,"minecraft:furnace":5,"minecraft:stick":4,"minecraft:raw_iron":130,"minecraft:oak_fence":1,"minecraft:porkchop":22,"minecraft:diorite":7,"minecraft:arrow":16,"minecraft:rotten_flesh":22,"minecraft:hay_block":108,"minecraft:mutton":44,"minecraft:cobblestone":359,"minecraft:rail":17,"minecraft:white_wool":28,"minecraft:andesite":14,"minecraft:salmon":1,"minecraft:leather":32,"minecraft:potato":10,"minecraft:tuff":2,"minecraft:oak_log":45,"minecraft:yellow_bed":3,"minecraft:gunpowder":10,"minecraft:blue_bed":1,"minecraft:lapis_lazuli":43,"minecraft:dirt":50,"minecraft:name_tag":1,"minecraft:bone":19,"minecraft:bow":2,"minecraft:wheat_seeds":3,"minecraft:raw_gold":15,"minecraft:iron_ingot":3,"minecraft:stone_pickaxe":1,"minecraft:oak_planks":65,"minecraft:gravel":6,"minecraft:amethyst_shard":16,"minecraft:spruce_sapling":2,"minecraft:white_bed":1,"minecraft:spruce_log":43,"minecraft:spider_eye":2,"minecraft:diamond":15,"minecraft:granite":18,"minecraft:spruce_sign":1,"minecraft:bread":50,"minecraft:emerald":1,"minecraft:oak_sapling":2,"minecraft:melon_seeds":2,"minecraft:coal":69}},"DataVersion":3955}