{"stats":{"minecraft:killed":{"minecraft:cave_spider":10,"minecraft:spider":9,"minecraft:skeleton":36,"minecraft:chicken":3,"minecraft:silverfish":6,"minecraft:pig":8,"minecraft:zombie_villager":1,"minecraft:salmon":16,"minecraft:iron_golem":1,"minecraft:hoglin":1,"minecraft:creeper":2,"minecraft:sheep":23,"minecraft:pillager":7,"minecraft:zombie":47,"minecraft:donkey":1,"minecraft:cow":20},"minecraft:crafted":{"minecraft:oak_planks":228,"minecraft:fishing_rod":2,"minecraft:furnace":4,"minecraft:bone_meal":33,"minecraft:bookshelf":2,"minecraft:cooked_mutton":15,"minecraft:iron_boots":3,"minecraft:iron_axe":5,"minecraft:stone_pickaxe":2,"minecraft:chest":4,"minecraft:dark_oak_planks":8,"minecraft:wheat":387,"minecraft:oak_slab":6,"minecraft:emerald":3,"minecraft:cooked_porkchop":6,"minecraft:crafting_table":11,"minecraft:spruce_planks":120,"minecraft:wooden_pickaxe":5,"minecraft:iron_helmet":3,"minecraft:iron_sword":2,"minecraft:bucket":2,"minecraft:stone_axe":1,"minecraft:enchanted_book":1,"minecraft:bread":129,"minecraft:air":0,"minecraft:gold_nugget":128,"minecraft:golden_apple":2,"minecraft:lectern":2,"minecraft:book":6,"minecraft:iron_chestplate":2,"minecraft:paper":18,"minecraft:diamond_pickaxe":1,"minecraft:shield":2,"minecraft:stick":76,"minecraft:iron_ingot":81,"minecraft:iron_pickaxe":5,"minecraft:wooden_axe":6,"minecraft:iron_block":3,"minecraft:gold_ingot":33,"minecraft:iron_leggings":3,"minecraft:anvil":1,"minecraft:golden_carrot":24},"minecraft:custom":{"minecraft:interact_with_anvil":3,"minecraft:mob_kills":194,"minecraft:animals_bred":1,"minecraft:interact_with_crafting_table":76,"minecraft:open_barrel":5,"minecraft:bell_ring":17,"minecraft:leave_game":8,"minecraft:time_since_death":19533,"minecraft:climb_one_cm":2529,"minecraft:sprint_one_cm":1048863,"minecraft:walk_one_cm":906007,"minecraft:damage_blocked_by_shield":2472,"minecraft:drop":81,"minecraft:talked_to_villager":89,"minecraft:deaths":6,"minecraft:sneak_time":35799,"minecraft:play_time":415780,"minecraft:walk_under_water_one_cm":40946,"minecraft:jump":6788,"minecraft:interact_with_blast_furnace":4,"minecraft:walk_on_water_one_cm":65427,"minecraft:total_world_time":415780,"minecraft:interact_with_furnace":48,"minecraft:traded_with_villager":4,"minecraft:sleep_in_bed":7,"minecraft:time_since_rest":11567,"minecraft:damage_taken":5911,"minecraft:damage_dealt":29713,"minecraft:swim_one_cm":97712,"minecraft:fly_one_cm":1145210,"minecraft:open_chest":97,"minecraft:crouch_one_cm":85303,"minecraft:inspect_dispenser":1,"minecraft:fall_one_cm":180111},"minecraft:dropped":{"minecraft:bread":36,"minecraft:wheat_seeds":2,"minecraft:oak_fence":1,"minecraft:leather":14,"minecraft:amethyst_block":1,"minecraft:granite":13,"minecraft:golden_apple":2,"minecraft:coal":4,"minecraft:stick":2,"minecraft:cobblestone_stairs":2,"minecraft:diorite":4,"minecraft:dark_oak_fence":1,"minecraft:torch":69,"minecraft:diamond_helmet":1,"minecraft:iron_axe":5,"minecraft:iron_pickaxe":5,"minecraft:dark_oak_planks":2,"minecraft:gold_ingot":5,"minecraft:cobbled_deepslate":31,"minecraft:iron_boots":2,"minecraft:golden_shovel":6,"minecraft:flower_pot":1,"minecraft:spruce_planks":3,"minecraft:andesite":13,"minecraft:melon_seeds":2,"minecraft:spider_eye":1,"minecraft:arrow":68,"minecraft:bow":1,"minecraft:stone_pickaxe":3,"minecraft:lectern":1},"minecraft:mined":{"minecraft:nether_gold_ore":19,"minecraft:large_amethyst_bud":4,"minecraft:tuff":9,"minecraft:spruce_planks":30,"minecraft:white_bed":3,"minecraft:mossy_cobblestone":2,"minecraft:deepslate_diamond_ore":40,"minecraft:cobblestone_stairs":1,"minecraft:dark_oak_log":2,"minecraft:brewing_stand":2,"minecraft:potted_dead_bush":1,"minecraft:granite":31,"minecraft:dark_oak_fence":6,"minecraft:grass_block":8,"minecraft:decorated_pot":20,"minecraft:crimson_roots":6,"minecraft:spruce_leaves":5,"minecraft:chiseled_tuff_bricks":2,"minecraft:cartography_table":1,"minecraft:oxeye_daisy":1,"minecraft:tuff_bricks":6,"minecraft:spawner":3,"minecraft:large_fern":2,"minecraft:hay_block":116,"minecraft:weeping_vines_plant":2,"minecraft:carrots":11,"minecraft:furnace":6,"minecraft:iron_ore":143,"minecraft:fire":2,"minecraft:cobbled_deepslate":21,"minecraft:andesite":11,"minecraft:deepslate_lapis_ore":3,"minecraft:azure_bluet":1,"minecraft:bell":1,"minecraft:shroomlight":1,"minecraft:deepslate_iron_ore":19,"minecraft:dirt_path":1,"minecraft:rail":16,"minecraft:oak_stairs":1,"minecraft:stripped_oak_log":1,"minecraft:stone":362,"minecraft:deepslate_redstone_ore":1,"minecraft:oak_slab":27,"minecraft:brown_mushroom":3,"minecraft:crimson_nylium":87,"minecraft:medium_amethyst_bud":1,"minecraft:amethyst_cluster":12,"minecraft:dandelion":1,"minecraft:oak_fence":1,"minecraft:crafting_table":18,"minecraft:short_grass":45,"minecraft:blast_furnace":13,"minecraft:calcite":2,"minecraft:poppy":1,"minecraft:chest":3,"minecraft:lectern":31,"minecraft:tall_grass":7,"minecraft:cobblestone":56,"minecraft:lapis_ore":5,"minecraft:deepslate_gold_ore":45,"minecraft:sugar_cane":28,"minecraft:oak_planks":19,"minecraft:diorite":11,"minecraft:blue_bed":1,"minecraft:amethyst_block":1,"minecraft:nether_wart_block":1,"minecraft:spruce_log":13,"minecraft:yellow_bed":3,"minecraft:coal_ore":122,"minecraft:oak_log":68,"minecraft:gravel":6,"minecraft:sand":2,"minecraft:dirt":18,"minecraft:cobweb":32,"minecraft:netherrack":122,"minecraft:gold_ore":3,"minecraft:oak_leaves":20,"minecraft:deepslate":146},"minecraft:broken":{"minecraft:wooden_pickaxe":2,"minecraft:stone_axe":1,"minecraft:iron_pickaxe":1,"minecraft:wooden_axe":3},"minecraft:used":{"minecraft:chest":5,"minecraft:spruce_planks":110,"minecraft:shield":84,"minecraft:iron_sword":176,"minecraft:netherrack":128,"minecraft:trial_key":3,"minecraft:iron_chestplate":1,"minecraft:anvil":1,"minecraft:dirt":9,"minecraft:spyglass":4,"minecraft:carrot":11,"minecraft:tuff":6,"minecraft:golden_shovel":4,"minecraft:diamond_helmet":1,"minecraft:granite":9,"minecraft:dark_oak_planks":1,"minecraft:wooden_axe":130,"minecraft:iron_axe":376,"minecraft:iron_helmet":1,"minecraft:iron_boots":1,"minecraft:hay_block":3,"minecraft:furnace":7,"minecraft:oak_sapling":1,"minecraft:cobbled_deepslate":129,"minecraft:iron_leggings":1,"minecraft:calcite":1,"minecraft:cooked_mutton":9,"minecraft:water_bucket":90,"minecraft:diorite":6,"minecraft:oak_planks":25,"minecraft:stone_pickaxe":227,"minecraft:wooden_pickaxe":136,"minecraft:blue_bed":1,"minecraft:salmon":1,"minecraft:crafting_table":22,"minecraft:oak_slab":25,"minecraft:blast_furnace":13,"minecraft:dripstone_block":6,"minecraft:white_bed":3,"minecraft:chicken":1,"minecraft:bread":94,"minecraft:iron_pickaxe":1052,"minecraft:lectern":31,"minecraft:spruce_sapling":2,"minecraft:gravel":4,"minecraft:golden_helmet":2,"minecraft:stone_axe":68,"minecraft:cobblestone":316,"minecraft:cooked_porkchop":6,"minecraft:porkchop":4,"minecraft:bucket":91,"minecraft:yellow_bed":1},"minecraft:killed_by":{"minecraft:creeper":1,"minecraft:spider":2,"minecraft:skeleton":1},"minecraft:picked_up":{"minecraft:wooden_axe":1,"minecraft:fishing_rod":1,"minecraft:iron_chestplate":1,"minecraft:crafting_table":17,"minecraft:wheat":48,"minecraft:azure_bluet":1,"minecraft:ominous_bottle":2,"minecraft:chicken":3,"minecraft:flower_pot":1,"minecraft:golden_pickaxe":1,"minecraft:brown_mushroom":3,"minecraft:potion":1,"minecraft:enchanted_book":2,"minecraft:golden_shovel":8,"minecraft:diamond_horse_armor":1,"minecraft:brewing_stand":2,"minecraft:brick":54,"minecraft:shield":2,"minecraft:amethyst_block":1,"minecraft:string":158,"minecraft:iron_axe":6,"minecraft:shroomlight":1,"minecraft:cartography_table":1,"minecraft:gold_nugget":218,"minecraft:cobbled_deepslate":168,"minecraft:spruce_planks":29,"minecraft:beef":41,"minecraft:trial_key":2,"minecraft:calcite":1,"minecraft:iron_nugget":4,"minecraft:poppy":2,"minecraft:iron_pickaxe":3,"minecraft:lectern":31,"minecraft:sugar_cane":56,"minecraft:chest":3,"minecraft:furnace":6,"minecraft:iron_boots":2,"minecraft:golden_helmet":1,"minecraft:tipped_arrow":14,"minecraft:stick":5,"minecraft:raw_iron":193,"minecraft:oak_fence":1,"minecraft:torch":128,"minecraft:porkchop":28,"minecraft:flow_pottery_sherd":1,"minecraft:diorite":10,"minecraft:carrot":43,"minecraft:rabbit_foot":1,"minecraft:dark_oak_planks":1,"minecraft:rotten_flesh":45,"minecraft:weeping_vines":2,"minecraft:arrow":116,"minecraft:honey_bottle":2,"minecraft:decorated_pot":6,"minecraft:hay_block":115,"minecraft:gold_ingot":32,"minecraft:tuff_bricks":6,"minecraft:mutton":44,"minecraft:white_wool":28,"minecraft:rail":17,"minecraft:cobblestone":510,"minecraft:oxeye_daisy":1,"minecraft:stripped_oak_log":1,"minecraft:andesite":14,"minecraft:salmon":16,"minecraft:leather":52,"minecraft:potato":10,"minecraft:crimson_fungus":1,"minecraft:tuff":8,"minecraft:oak_log":68,"minecraft:yellow_bed":4,"minecraft:gunpowder":11,"minecraft:cobblestone_stairs":2,"minecraft:lapis_lazuli":65,"minecraft:dirt":54,"minecraft:blue_bed":1,"minecraft:name_tag":1,"minecraft:bone":57,"minecraft:bow":4,"minecraft:wheat_seeds":4,"minecraft:raw_gold":48,"minecraft:bell":1,"minecraft:stone_pickaxe":1,"minecraft:iron_ingot":50,"minecraft:guster_banner_pattern":1,"minecraft:diamond_helmet":1,"minecraft:scrape_pottery_sherd":1,"minecraft:oak_planks":185,"minecraft:book":1,"minecraft:oak_slab":32,"minecraft:dandelion":2,"minecraft:spyglass":1,"minecraft:dripstone_block":6,"minecraft:gravel":13,"minecraft:amethyst_shard":44,"minecraft:spruce_sapling":2,"minecraft:blast_furnace":13,"minecraft:spruce_log":43,"minecraft:white_bed":3,"minecraft:dead_bush":1,"minecraft:spectral_arrow":34,"minecraft:dark_oak_log":2,"minecraft:spider_eye":5,"minecraft:mossy_cobblestone":2,"minecraft:diamond":38,"minecraft:granite":41,"minecraft:bone_meal":2,"minecraft:golden_apple":4,"minecraft:spruce_sign":1,"minecraft:bread":60,"minecraft:emerald":23,"minecraft:oak_sapling":6,"minecraft:melon_seeds":2,"minecraft:netherrack":281,"minecraft:dark_oak_fence":7,"minecraft:coal":235,"minecraft:chiseled_tuff_bricks":1,"minecraft:crimson_roots":10}},"DataVersion":3955}