{"stats":{"minecraft:killed":{"minecraft:cave_spider":8,"minecraft:pig":8,"minecraft:zombie_villager":1,"minecraft:salmon":1,"minecraft:sheep":23,"minecraft:skeleton":10,"minecraft:donkey":1,"minecraft:zombie":16,"minecraft:chicken":3,"minecraft:cow":20},"minecraft:used":{"minecraft:cooked_mutton":9,"minecraft:water_bucket":76,"minecraft:diorite":3,"minecraft:oak_planks":1,"minecraft:stone_pickaxe":115,"minecraft:wooden_pickaxe":77,"minecraft:shield":35,"minecraft:iron_chestplate":1,"minecraft:salmon":1,"minecraft:dirt":5,"minecraft:crafting_table":16,"minecraft:white_bed":1,"minecraft:wooden_axe":128,"minecraft:iron_axe":36,"minecraft:chicken":1,"minecraft:bread":17,"minecraft:iron_pickaxe":157,"minecraft:iron_boots":1,"minecraft:stone_axe":68,"minecraft:cobblestone":80,"minecraft:hay_block":2,"minecraft:oak_sapling":1,"minecraft:porkchop":4,"minecraft:furnace":5,"minecraft:cooked_porkchop":6,"minecraft:bucket":77,"minecraft:yellow_bed":1,"minecraft:cobbled_deepslate":33,"minecraft:iron_leggings":1},"minecraft:killed_by":{"minecraft:skeleton":1,"minecraft:creeper":1,"minecraft:spider":2},"minecraft:custom":{"minecraft:interact_with_furnace":37,"minecraft:mob_kills":91,"minecraft:interact_with_crafting_table":32,"minecraft:leave_game":1,"minecraft:time_since_death":49266,"minecraft:sleep_in_bed":2,"minecraft:time_since_rest":27662,"minecraft:sprint_one_cm":423293,"minecraft:damage_taken":2565,"minecraft:walk_one_cm":313633,"minecraft:damage_blocked_by_shield":958,"minecraft:drop":6,"minecraft:damage_dealt":11838,"minecraft:swim_one_cm":62073,"minecraft:fly_one_cm":600524,"minecraft:open_chest":4,"minecraft:crouch_one_cm":12671,"minecraft:play_time":142535,"minecraft:deaths":4,"minecraft:sneak_time":6467,"minecraft:walk_under_water_one_cm":12530,"minecraft:jump":3007,"minecraft:walk_on_water_one_cm":38790,"minecraft:total_world_time":142535,"minecraft:fall_one_cm":89790},"minecraft:picked_up":{"minecraft:crafting_table":16,"minecraft:wheat":3,"minecraft:chicken":3,"minecraft:salmon":1,"minecraft:leather":25,"minecraft:potato":1,"minecraft:enchanted_book":2,"minecraft:diamond_horse_armor":1,"minecraft:tuff":2,"minecraft:oak_log":45,"minecraft:yellow_bed":2,"minecraft:gunpowder":10,"minecraft:amethyst_block":1,"minecraft:dirt":12,"minecraft:lapis_lazuli":25,"minecraft:string":110,"minecraft:name_tag":1,"minecraft:bone":15,"minecraft:bow":1,"minecraft:wheat_seeds":3,"minecraft:cobbled_deepslate":36,"minecraft:raw_gold":15,"minecraft:beef":41,"minecraft:iron_ingot":2,"minecraft:iron_pickaxe":1,"minecraft:sugar_cane":38,"minecraft:chest":2,"minecraft:oak_planks":11,"minecraft:furnace":5,"minecraft:stick":1,"minecraft:raw_iron":93,"minecraft:oak_fence":1,"minecraft:porkchop":16,"minecraft:amethyst_shard":16,"minecraft:diorite":3,"minecraft:white_bed":1,"minecraft:arrow":12,"minecraft:rotten_flesh":20,"minecraft:diamond":15,"minecraft:hay_block":105,"minecraft:granite":1,"minecraft:oak_sapling":2,"minecraft:rail":17,"minecraft:melon_seeds":2,"minecraft:mutton":44,"minecraft:coal":8,"minecraft:white_wool":25,"minecraft:cobblestone":103},"minecraft:dropped":{"minecraft:bread":29,"minecraft:wheat_seeds":1,"minecraft:amethyst_block":1,"minecraft:melon_seeds":2,"minecraft:stone_pickaxe":1,"minecraft:iron_pickaxe":1},"minecraft:mined":{"minecraft:large_amethyst_bud":3,"minecraft:deepslate_redstone_ore":1,"minecraft:white_bed":1,"minecraft:deepslate_diamond_ore":16,"minecraft:medium_amethyst_bud":1,"minecraft:amethyst_cluster":4,"minecraft:oak_fence":1,"minecraft:crafting_table":16,"minecraft:granite":1,"minecraft:short_grass":18,"minecraft:grass_block":8,"minecraft:chest":2,"minecraft:tall_grass":2,"minecraft:cobblestone":24,"minecraft:spruce_leaves":1,"minecraft:deepslate_gold_ore":15,"minecraft:lapis_ore":4,"minecraft:sugar_cane":16,"minecraft:oak_planks":11,"minecraft:amethyst_block":1,"minecraft:spawner":2,"minecraft:hay_block":106,"minecraft:furnace":5,"minecraft:iron_ore":67,"minecraft:cobbled_deepslate":18,"minecraft:yellow_bed":2,"minecraft:oak_log":45,"minecraft:coal_ore":8,"minecraft:deepslate_iron_ore":8,"minecraft:rail":16,"minecraft:dirt":4,"minecraft:stone":77,"minecraft:oak_leaves":16,"minecraft:deepslate":19},"minecraft:crafted":{"minecraft:oak_planks":108,"minecraft:cooked_porkchop":6,"minecraft:crafting_table":7,"minecraft:wooden_pickaxe":4,"minecraft:iron_helmet":1,"minecraft:furnace":2,"minecraft:bucket":1,"minecraft:stone_axe":1,"minecraft:bread":93,"minecraft:cooked_mutton":15,"minecraft:air":0,"minecraft:iron_boots":1,"minecraft:iron_chestplate":1,"minecraft:shield":1,"minecraft:iron_axe":1,"minecraft:stick":36,"minecraft:iron_ingot":32,"minecraft:iron_pickaxe":1,"minecraft:stone_pickaxe":1,"minecraft:wooden_axe":5,"minecraft:iron_leggings":1,"minecraft:wheat":324},"minecraft:broken":{"minecraft:stone_axe":1,"minecraft:wooden_axe":3,"minecraft:wooden_pickaxe":1}},"DataVersion":3955}