{"minecraft:recipes/decorations/crafting_table":{"criteria":{"unlock_right_away":"2024-11-23 02:49:08 +0000"},"done":true},"minecraft:adventure/adventuring_time":{"criteria":{"minecraft:forest":"2024-11-23 22:29:48 +0000","minecraft:taiga":"2024-11-23 22:26:40 +0000","minecraft:river":"2024-11-23 22:29:45 +0000","minecraft:plains":"2024-11-23 02:49:09 +0000"},"done":false},"minecraft:adventure/root":{"criteria":{"killed_by_something":"2024-11-23 02:51:31 +0000"},"done":true},"minecraft:recipes/transportation/mangrove_boat":{"criteria":{"in_water":"2024-11-23 02:51:48 +0000"},"done":true},"minecraft:recipes/transportation/acacia_boat":{"criteria":{"in_water":"2024-11-23 02:51:48 +0000"},"done":true},"minecraft:recipes/transportation/cherry_boat":{"criteria":{"in_water":"2024-11-23 02:51:48 +0000"},"done":true},"minecraft:recipes/transportation/bamboo_raft":{"criteria":{"in_water":"2024-11-23 02:51:48 +0000"},"done":true},"minecraft:recipes/transportation/spruce_boat":{"criteria":{"in_water":"2024-11-23 02:51:48 +0000"},"done":true},"minecraft:recipes/transportation/birch_boat":{"criteria":{"in_water":"2024-11-23 02:51:48 +0000"},"done":true},"minecraft:recipes/transportation/oak_boat":{"criteria":{"in_water":"2024-11-23 02:51:48 +0000"},"done":true},"minecraft:recipes/transportation/jungle_boat":{"criteria":{"in_water":"2024-11-23 02:51:48 +0000"},"done":true},"minecraft:recipes/transportation/dark_oak_boat":{"criteria":{"in_water":"2024-11-23 02:51:48 +0000"},"done":true},"minecraft:recipes/food/baked_potato_from_campfire_cooking":{"criteria":{"has_potato":"2024-11-23 03:03:15 +0000"},"done":true},"minecraft:recipes/food/baked_potato_from_smoking":{"criteria":{"has_potato":"2024-11-23 03:03:15 +0000"},"done":true},"minecraft:recipes/food/baked_potato":{"criteria":{"has_potato":"2024-11-23 03:03:15 +0000"},"done":true},"minecraft:adventure/sleep_in_bed":{"criteria":{"slept_in_bed":"2024-11-23 22:29:13 +0000"},"done":true},"minecraft:husbandry/balanced_diet":{"criteria":{"rotten_flesh":"2024-11-23 22:37:27 +0000"},"done":false},"minecraft:husbandry/root":{"criteria":{"consumed_item":"2024-11-23 22:37:27 +0000"},"done":true},"minecraft:recipes/building_blocks/spruce_planks":{"criteria":{"has_logs":"2024-11-24 02:37:09 +0000"},"done":true},"minecraft:recipes/misc/charcoal":{"criteria":{"has_log":"2024-11-24 02:37:09 +0000"},"done":true},"minecraft:recipes/building_blocks/spruce_wood":{"criteria":{"has_log":"2024-11-24 02:37:09 +0000"},"done":true},"DataVersion":3955}