{"minecraft:recipes/decorations/crafting_table":{"criteria":{"unlock_right_away":"2024-11-23 02:04:16 +0000"},"done":true},"minecraft:adventure/adventuring_time":{"criteria":{"minecraft:flower_forest":"2024-11-23 03:40:35 +0000","minecraft:beach":"2024-11-23 02:27:36 +0000","minecraft:dark_forest":"2024-11-23 02:15:18 +0000","minecraft:forest":"2024-11-23 02:13:44 +0000","minecraft:taiga":"2024-11-23 02:14:49 +0000","minecraft:river":"2024-11-23 02:12:29 +0000","minecraft:lush_caves":"2024-11-23 02:16:13 +0000","minecraft:dripstone_caves":"2024-11-23 02:17:00 +0000","minecraft:old_growth_birch_forest":"2024-11-23 02:14:53 +0000","minecraft:ocean":"2024-11-23 02:32:15 +0000","minecraft:swamp":"2024-11-23 02:22:58 +0000","minecraft:birch_forest":"2024-11-23 02:22:31 +0000","minecraft:windswept_hills":"2024-11-23 02:26:35 +0000","minecraft:plains":"2024-11-23 02:04:17 +0000"},"done":false},"minecraft:recipes/misc/charcoal":{"criteria":{"has_log":"2024-11-23 02:05:10 +0000"},"done":true},"minecraft:recipes/building_blocks/oak_planks":{"criteria":{"has_logs":"2024-11-23 02:05:10 +0000"},"done":true},"minecraft:recipes/building_blocks/oak_wood":{"criteria":{"has_log":"2024-11-23 02:05:10 +0000"},"done":true},"minecraft:recipes/decorations/black_bed":{"criteria":{"has_black_wool":"2024-11-23 02:06:21 +0000"},"done":true},"minecraft:recipes/food/cooked_mutton_from_smoking":{"criteria":{"has_mutton":"2024-11-23 02:06:21 +0000"},"done":true},"minecraft:recipes/food/cooked_mutton":{"criteria":{"has_mutton":"2024-11-23 02:06:21 +0000"},"done":true},"minecraft:recipes/decorations/painting":{"criteria":{"has_wool":"2024-11-23 02:06:21 +0000"},"done":true},"minecraft:recipes/decorations/black_carpet":{"criteria":{"has_black_wool":"2024-11-23 02:06:21 +0000"},"done":true},"minecraft:recipes/food/cooked_mutton_from_campfire_cooking":{"criteria":{"has_mutton":"2024-11-23 02:06:21 +0000"},"done":true},"minecraft:adventure/root":{"criteria":{"killed_something":"2024-11-23 02:06:21 +0000"},"done":true},"minecraft:recipes/decorations/black_banner":{"criteria":{"has_black_wool":"2024-11-23 02:06:21 +0000"},"done":true},"minecraft:recipes/building_blocks/oak_slab":{"criteria":{"has_planks":"2024-11-23 02:06:29 +0000"},"done":true},"minecraft:recipes/decorations/oak_sign":{"criteria":{"has_planks":"2024-11-23 02:06:29 +0000"},"done":true},"minecraft:recipes/redstone/oak_trapdoor":{"criteria":{"has_planks":"2024-11-23 02:06:29 +0000"},"done":true},"minecraft:recipes/redstone/oak_fence_gate":{"criteria":{"has_planks":"2024-11-23 02:06:29 +0000"},"done":true},"minecraft:recipes/redstone/oak_pressure_plate":{"criteria":{"has_planks":"2024-11-23 02:06:29 +0000"},"done":true},"minecraft:recipes/redstone/oak_door":{"criteria":{"has_planks":"2024-11-23 02:06:29 +0000"},"done":true},"minecraft:recipes/misc/stick":{"criteria":{"has_planks":"2024-11-23 02:06:29 +0000"},"done":true},"minecraft:recipes/building_blocks/oak_stairs":{"criteria":{"has_planks":"2024-11-23 02:06:29 +0000"},"done":true},"minecraft:recipes/decorations/oak_fence":{"criteria":{"has_planks":"2024-11-23 02:06:29 +0000"},"done":true},"minecraft:recipes/decorations/barrel":{"criteria":{"has_planks":"2024-11-23 02:06:29 +0000"},"done":true},"minecraft:recipes/redstone/oak_button":{"criteria":{"has_planks":"2024-11-23 02:06:29 +0000"},"done":true},"minecraft:story/root":{"criteria":{"crafting_table":"2024-11-23 02:06:31 +0000"},"done":true},"minecraft:recipes/decorations/ladder":{"criteria":{"has_stick":"2024-11-23 02:06:37 +0000"},"done":true},"minecraft:recipes/decorations/campfire":{"criteria":{"has_stick":"2024-11-23 02:06:37 +0000"},"done":true},"minecraft:recipes/tools/wooden_hoe":{"criteria":{"has_stick":"2024-11-23 02:06:37 +0000"},"done":true},"minecraft:recipes/tools/wooden_pickaxe":{"criteria":{"has_stick":"2024-11-23 02:06:37 +0000"},"done":true},"minecraft:recipes/tools/wooden_axe":{"criteria":{"has_stick":"2024-11-23 02:06:37 +0000"},"done":true},"minecraft:recipes/tools/wooden_shovel":{"criteria":{"has_stick":"2024-11-23 02:06:37 +0000"},"done":true},"minecraft:recipes/combat/wooden_sword":{"criteria":{"has_stick":"2024-11-23 02:06:37 +0000"},"done":true},"minecraft:recipes/food/cooked_chicken_from_campfire_cooking":{"criteria":{"has_chicken":"2024-11-23 02:07:01 +0000"},"done":true},"minecraft:recipes/food/cooked_chicken":{"criteria":{"has_chicken":"2024-11-23 02:07:01 +0000"},"done":true},"minecraft:recipes/food/cooked_chicken_from_smoking":{"criteria":{"has_chicken":"2024-11-23 02:07:01 +0000"},"done":true},"minecraft:recipes/combat/arrow":{"criteria":{"has_feather":"2024-11-23 02:07:01 +0000"},"done":true},"minecraft:recipes/decorations/chest":{"criteria":{"has_lots_of_items":"2024-11-23 02:07:01 +0000"},"done":true},"minecraft:recipes/decorations/light_gray_bed":{"criteria":{"has_light_gray_wool":"2024-11-23 02:07:49 +0000"},"done":true},"minecraft:recipes/decorations/light_gray_banner":{"criteria":{"has_light_gray_wool":"2024-11-23 02:07:49 +0000"},"done":true},"minecraft:recipes/decorations/light_gray_carpet":{"criteria":{"has_light_gray_wool":"2024-11-23 02:07:49 +0000"},"done":true},"minecraft:recipes/food/cooked_porkchop":{"criteria":{"has_porkchop":"2024-11-23 02:08:41 +0000"},"done":true},"minecraft:recipes/food/cooked_porkchop_from_campfire_cooking":{"criteria":{"has_porkchop":"2024-11-23 02:08:41 +0000"},"done":true},"minecraft:recipes/food/cooked_porkchop_from_smoking":{"criteria":{"has_porkchop":"2024-11-23 02:08:41 +0000"},"done":true},"minecraft:recipes/decorations/white_banner":{"criteria":{"has_white_wool":"2024-11-23 02:09:02 +0000"},"done":true},"minecraft:recipes/decorations/white_bed":{"criteria":{"has_white_wool":"2024-11-23 02:09:02 +0000"},"done":true},"minecraft:recipes/decorations/white_carpet":{"criteria":{"has_white_wool":"2024-11-23 02:09:02 +0000"},"done":true},"minecraft:recipes/redstone/lever":{"criteria":{"has_cobblestone":"2024-11-23 02:10:05 +0000"},"done":true},"minecraft:recipes/combat/stone_sword":{"criteria":{"has_cobblestone":"2024-11-23 02:10:05 +0000"},"done":true},"minecraft:recipes/decorations/cobblestone_wall":{"criteria":{"has_cobblestone":"2024-11-23 02:10:05 +0000"},"done":true},"minecraft:recipes/tools/stone_pickaxe":{"criteria":{"has_cobblestone":"2024-11-23 02:10:05 +0000"},"done":true},"minecraft:recipes/tools/stone_axe":{"criteria":{"has_cobblestone":"2024-11-23 02:10:05 +0000"},"done":true},"minecraft:story/mine_stone":{"criteria":{"get_stone":"2024-11-23 02:10:05 +0000"},"done":true},"minecraft:recipes/decorations/furnace":{"criteria":{"has_cobblestone":"2024-11-23 02:10:05 +0000"},"done":true},"minecraft:recipes/building_blocks/cobblestone_slab":{"criteria":{"has_cobblestone":"2024-11-23 02:10:05 +0000"},"done":true},"minecraft:recipes/building_blocks/cobblestone_slab_from_cobblestone_stonecutting":{"criteria":{"has_cobblestone":"2024-11-23 02:10:05 +0000"},"done":true},"minecraft:recipes/building_blocks/stone":{"criteria":{"has_cobblestone":"2024-11-23 02:10:05 +0000"},"done":true},"minecraft:recipes/decorations/cobblestone_wall_from_cobblestone_stonecutting":{"criteria":{"has_cobblestone":"2024-11-23 02:10:05 +0000"},"done":true},"minecraft:recipes/building_blocks/cobblestone_stairs_from_cobblestone_stonecutting":{"criteria":{"has_cobblestone":"2024-11-23 02:10:05 +0000"},"done":true},"minecraft:recipes/building_blocks/cobblestone_stairs":{"criteria":{"has_cobblestone":"2024-11-23 02:10:05 +0000"},"done":true},"minecraft:recipes/tools/stone_hoe":{"criteria":{"has_cobblestone":"2024-11-23 02:10:05 +0000"},"done":true},"minecraft:recipes/tools/stone_shovel":{"criteria":{"has_cobblestone":"2024-11-23 02:10:05 +0000"},"done":true},"minecraft:husbandry/balanced_diet":{"criteria":{"cooked_porkchop":"2024-11-24 00:08:27 +0000","mutton":"2024-11-23 02:12:05 +0000","chicken":"2024-11-23 02:10:46 +0000","bread":"2024-11-23 02:43:53 +0000","cooked_chicken":"2024-11-23 03:52:07 +0000","cooked_mutton":"2024-11-23 03:38:00 +0000","glow_berries":"2024-11-23 02:18:16 +0000","cooked_beef":"2024-11-23 22:48:16 +0000","beef":"2024-11-23 02:29:09 +0000","baked_potato":"2024-11-23 23:19:33 +0000","porkchop":"2024-11-23 02:27:24 +0000","golden_carrot":"2024-11-23 02:31:25 +0000"},"done":false},"minecraft:husbandry/root":{"criteria":{"consumed_item":"2024-11-23 02:10:46 +0000"},"done":true},"minecraft:recipes/decorations/torch":{"criteria":{"has_stone_pickaxe":"2024-11-23 02:11:12 +0000"},"done":true},"minecraft:story/upgrade_tools":{"criteria":{"stone_pickaxe":"2024-11-23 02:11:12 +0000"},"done":true},"minecraft:recipes/misc/yellow_dye_from_dandelion":{"criteria":{"has_dandelion":"2024-11-23 02:12:08 +0000"},"done":true},"minecraft:recipes/transportation/mangrove_boat":{"criteria":{"in_water":"2024-11-23 02:12:31 +0000"},"done":true},"minecraft:recipes/transportation/acacia_boat":{"criteria":{"in_water":"2024-11-23 02:12:31 +0000"},"done":true},"minecraft:recipes/transportation/cherry_boat":{"criteria":{"in_water":"2024-11-23 02:12:31 +0000"},"done":true},"minecraft:recipes/transportation/bamboo_raft":{"criteria":{"in_water":"2024-11-23 02:12:31 +0000"},"done":true},"minecraft:recipes/transportation/spruce_boat":{"criteria":{"in_water":"2024-11-23 02:12:31 +0000"},"done":true},"minecraft:recipes/transportation/birch_boat":{"criteria":{"in_water":"2024-11-23 02:12:31 +0000"},"done":true},"minecraft:recipes/transportation/oak_boat":{"criteria":{"in_water":"2024-11-23 02:12:31 +0000"},"done":true},"minecraft:recipes/transportation/jungle_boat":{"criteria":{"in_water":"2024-11-23 02:12:31 +0000"},"done":true},"minecraft:recipes/transportation/dark_oak_boat":{"criteria":{"in_water":"2024-11-23 02:12:31 +0000"},"done":true},"minecraft:recipes/building_blocks/polished_deepslate":{"criteria":{"has_cobbled_deepslate":"2024-11-23 02:18:37 +0000"},"done":true},"minecraft:recipes/building_blocks/deepslate_tile_stairs_from_cobbled_deepslate_stonecutting":{"criteria":{"has_cobbled_deepslate":"2024-11-23 02:18:37 +0000"},"done":true},"minecraft:recipes/decorations/deepslate_brick_wall_from_cobbled_deepslate_stonecutting":{"criteria":{"has_cobbled_deepslate":"2024-11-23 02:18:37 +0000"},"done":true},"minecraft:recipes/building_blocks/polished_deepslate_from_cobbled_deepslate_stonecutting":{"criteria":{"has_cobbled_deepslate":"2024-11-23 02:18:37 +0000"},"done":true},"minecraft:recipes/building_blocks/polished_deepslate_slab_from_cobbled_deepslate_stonecutting":{"criteria":{"has_cobbled_deepslate":"2024-11-23 02:18:37 +0000"},"done":true},"minecraft:recipes/building_blocks/deepslate_brick_stairs_from_cobbled_deepslate_stonecutting":{"criteria":{"has_cobbled_deepslate":"2024-11-23 02:18:37 +0000"},"done":true},"minecraft:recipes/building_blocks/deepslate_brick_slab_from_cobbled_deepslate_stonecutting":{"criteria":{"has_cobbled_deepslate":"2024-11-23 02:18:37 +0000"},"done":true},"minecraft:recipes/building_blocks/cobbled_deepslate_slab_from_cobbled_deepslate_stonecutting":{"criteria":{"has_cobbled_deepslate":"2024-11-23 02:18:37 +0000"},"done":true},"minecraft:recipes/building_blocks/deepslate_tile_slab_from_cobbled_deepslate_stonecutting":{"criteria":{"has_cobbled_deepslate":"2024-11-23 02:18:37 +0000"},"done":true},"minecraft:recipes/building_blocks/cobbled_deepslate_stairs":{"criteria":{"has_cobbled_deepslate":"2024-11-23 02:18:37 +0000"},"done":true},"minecraft:recipes/building_blocks/chiseled_deepslate_from_cobbled_deepslate_stonecutting":{"criteria":{"has_cobbled_deepslate":"2024-11-23 02:18:37 +0000"},"done":true},"minecraft:recipes/building_blocks/cobbled_deepslate_slab":{"criteria":{"has_cobbled_deepslate":"2024-11-23 02:18:37 +0000"},"done":true},"minecraft:recipes/decorations/cobbled_deepslate_wall_from_cobbled_deepslate_stonecutting":{"criteria":{"has_cobbled_deepslate":"2024-11-23 02:18:37 +0000"},"done":true},"minecraft:recipes/decorations/deepslate_tile_wall_from_cobbled_deepslate_stonecutting":{"criteria":{"has_cobbled_deepslate":"2024-11-23 02:18:37 +0000"},"done":true},"minecraft:recipes/decorations/cobbled_deepslate_wall":{"criteria":{"has_cobbled_deepslate":"2024-11-23 02:18:37 +0000"},"done":true},"minecraft:recipes/decorations/polished_deepslate_wall_from_cobbled_deepslate_stonecutting":{"criteria":{"has_cobbled_deepslate":"2024-11-23 02:18:37 +0000"},"done":true},"minecraft:recipes/building_blocks/deepslate_bricks_from_cobbled_deepslate_stonecutting":{"criteria":{"has_cobbled_deepslate":"2024-11-23 02:18:37 +0000"},"done":true},"minecraft:recipes/building_blocks/deepslate_tiles_from_cobbled_deepslate_stonecutting":{"criteria":{"has_cobbled_deepslate":"2024-11-23 02:18:37 +0000"},"done":true},"minecraft:recipes/building_blocks/cobbled_deepslate_stairs_from_cobbled_deepslate_stonecutting":{"criteria":{"has_cobbled_deepslate":"2024-11-23 02:18:37 +0000"},"done":true},"minecraft:recipes/building_blocks/deepslate":{"criteria":{"has_cobbled_deepslate":"2024-11-23 02:18:37 +0000"},"done":true},"minecraft:recipes/building_blocks/polished_deepslate_stairs_from_cobbled_deepslate_stonecutting":{"criteria":{"has_cobbled_deepslate":"2024-11-23 02:18:37 +0000"},"done":true},"minecraft:recipes/decorations/moss_carpet":{"criteria":{"has_moss_block":"2024-11-23 02:18:58 +0000"},"done":true},"minecraft:recipes/building_blocks/mossy_cobblestone_from_moss_block":{"criteria":{"has_moss_block":"2024-11-23 02:18:58 +0000"},"done":true},"minecraft:recipes/building_blocks/mossy_stone_bricks_from_moss_block":{"criteria":{"has_moss_block":"2024-11-23 02:18:58 +0000"},"done":true},"minecraft:adventure/kill_all_mobs":{"criteria":{"minecraft:pillager":"2024-11-23 23:22:34 +0000","minecraft:skeleton":"2024-11-23 03:17:11 +0000","minecraft:spider":"2024-11-23 03:35:57 +0000","minecraft:zombie":"2024-11-23 02:19:11 +0000"},"done":false},"minecraft:adventure/kill_a_mob":{"criteria":{"minecraft:zombie":"2024-11-23 02:19:11 +0000"},"done":true},"minecraft:recipes/building_blocks/granite_stairs":{"criteria":{"has_granite":"2024-11-23 02:20:10 +0000"},"done":true},"minecraft:recipes/building_blocks/granite_stairs_from_granite_stonecutting":{"criteria":{"has_granite":"2024-11-23 02:20:10 +0000"},"done":true},"minecraft:recipes/misc/iron_ingot_from_smelting_raw_iron":{"criteria":{"has_raw_iron":"2024-11-23 02:20:10 +0000"},"done":true},"minecraft:recipes/building_blocks/raw_iron_block":{"criteria":{"has_raw_iron":"2024-11-23 02:20:10 +0000"},"done":true},"minecraft:recipes/decorations/granite_wall":{"criteria":{"has_granite":"2024-11-23 02:20:10 +0000"},"done":true},"minecraft:recipes/building_blocks/polished_granite_slab_from_granite_stonecutting":{"criteria":{"has_granite":"2024-11-23 02:20:10 +0000"},"done":true},"minecraft:recipes/building_blocks/granite_slab_from_granite_stonecutting":{"criteria":{"has_granite":"2024-11-23 02:20:10 +0000"},"done":true},"minecraft:recipes/building_blocks/polished_granite":{"criteria":{"has_granite":"2024-11-23 02:20:10 +0000"},"done":true},"minecraft:recipes/decorations/granite_wall_from_granite_stonecutting":{"criteria":{"has_granite":"2024-11-23 02:20:10 +0000"},"done":true},"minecraft:recipes/misc/iron_ingot_from_blasting_raw_iron":{"criteria":{"has_raw_iron":"2024-11-23 02:20:10 +0000"},"done":true},"minecraft:recipes/building_blocks/polished_granite_from_granite_stonecutting":{"criteria":{"has_granite":"2024-11-23 02:20:10 +0000"},"done":true},"minecraft:recipes/building_blocks/granite_slab":{"criteria":{"has_granite":"2024-11-23 02:20:10 +0000"},"done":true},"minecraft:recipes/building_blocks/polished_granite_stairs_from_granite_stonecutting":{"criteria":{"has_granite":"2024-11-23 02:20:10 +0000"},"done":true},"minecraft:recipes/misc/pumpkin_seeds":{"criteria":{"has_pumpkin":"2024-11-23 02:24:08 +0000"},"done":true},"minecraft:recipes/food/pumpkin_pie":{"criteria":{"has_pumpkin":"2024-11-23 02:24:08 +0000"},"done":true},"minecraft:recipes/food/cooked_beef_from_smoking":{"criteria":{"has_beef":"2024-11-23 02:26:58 +0000"},"done":true},"minecraft:recipes/food/cooked_beef":{"criteria":{"has_beef":"2024-11-23 02:26:58 +0000"},"done":true},"minecraft:recipes/food/cooked_beef_from_campfire_cooking":{"criteria":{"has_beef":"2024-11-23 02:26:58 +0000"},"done":true},"minecraft:recipes/combat/leather_helmet":{"criteria":{"has_leather":"2024-11-23 02:28:05 +0000"},"done":true},"minecraft:recipes/combat/leather_leggings":{"criteria":{"has_leather":"2024-11-23 02:28:05 +0000"},"done":true},"minecraft:recipes/decorations/item_frame":{"criteria":{"has_leather":"2024-11-23 02:28:05 +0000"},"done":true},"minecraft:recipes/combat/leather_chestplate":{"criteria":{"has_leather":"2024-11-23 02:28:05 +0000"},"done":true},"minecraft:recipes/combat/leather_boots":{"criteria":{"has_leather":"2024-11-23 02:28:05 +0000"},"done":true},"minecraft:recipes/misc/leather_horse_armor":{"criteria":{"has_leather":"2024-11-23 02:28:05 +0000"},"done":true},"minecraft:recipes/misc/gold_nugget_from_smelting":{"criteria":{"has_golden_axe":"2024-11-23 02:30:54 +0000"},"done":true},"minecraft:recipes/misc/gold_nugget_from_blasting":{"criteria":{"has_golden_axe":"2024-11-23 02:30:54 +0000"},"done":true},"minecraft:recipes/decorations/lantern":{"criteria":{"has_iron_nugget":"2024-11-23 02:30:57 +0000"},"done":true},"minecraft:recipes/tools/flint_and_steel":{"criteria":{"has_obsidian":"2024-11-23 02:30:57 +0000"},"done":true},"minecraft:story/form_obsidian":{"criteria":{"obsidian":"2024-11-23 02:30:57 +0000"},"done":true},"minecraft:recipes/decorations/chain":{"criteria":{"has_iron_nugget":"2024-11-23 02:30:57 +0000"},"done":true},"minecraft:recipes/decorations/enchanting_table":{"criteria":{"has_obsidian":"2024-11-23 02:30:57 +0000"},"done":true},"minecraft:recipes/misc/iron_ingot_from_nuggets":{"criteria":{"has_iron_nugget":"2024-11-23 02:30:57 +0000"},"done":true},"minecraft:recipes/building_blocks/coal_block":{"criteria":{"has_coal":"2024-11-23 02:39:35 +0000"},"done":true},"minecraft:recipes/building_blocks/emerald_block":{"criteria":{"has_emerald":"2024-11-23 02:41:38 +0000"},"done":true},"minecraft:recipes/food/baked_potato_from_campfire_cooking":{"criteria":{"has_potato":"2024-11-23 02:41:39 +0000"},"done":true},"minecraft:recipes/food/baked_potato_from_smoking":{"criteria":{"has_potato":"2024-11-23 02:41:39 +0000"},"done":true},"minecraft:recipes/food/baked_potato":{"criteria":{"has_potato":"2024-11-23 02:41:39 +0000"},"done":true},"minecraft:recipes/tools/golden_axe":{"criteria":{"has_gold_ingot":"2024-11-23 02:44:57 +0000"},"done":true},"minecraft:recipes/tools/golden_pickaxe":{"criteria":{"has_gold_ingot":"2024-11-23 02:44:57 +0000"},"done":true},"minecraft:recipes/misc/gold_nugget":{"criteria":{"has_gold_ingot":"2024-11-23 02:44:57 +0000"},"done":true},"minecraft:recipes/tools/golden_shovel":{"criteria":{"has_gold_ingot":"2024-11-23 02:44:57 +0000"},"done":true},"minecraft:recipes/food/golden_apple":{"criteria":{"has_gold_ingot":"2024-11-23 02:44:57 +0000"},"done":true},"minecraft:recipes/combat/golden_boots":{"criteria":{"has_gold_ingot":"2024-11-23 02:44:57 +0000"},"done":true},"minecraft:recipes/combat/golden_helmet":{"criteria":{"has_gold_ingot":"2024-11-23 02:44:57 +0000"},"done":true},"minecraft:recipes/combat/golden_sword":{"criteria":{"has_gold_ingot":"2024-11-23 02:44:57 +0000"},"done":true},"minecraft:recipes/building_blocks/gold_block":{"criteria":{"has_gold_ingot":"2024-11-23 02:44:57 +0000"},"done":true},"minecraft:recipes/combat/golden_chestplate":{"criteria":{"has_gold_ingot":"2024-11-23 02:44:57 +0000"},"done":true},"minecraft:recipes/tools/golden_hoe":{"criteria":{"has_gold_ingot":"2024-11-23 02:44:57 +0000"},"done":true},"minecraft:recipes/redstone/light_weighted_pressure_plate":{"criteria":{"has_gold_ingot":"2024-11-23 02:44:57 +0000"},"done":true},"minecraft:recipes/combat/golden_leggings":{"criteria":{"has_gold_ingot":"2024-11-23 02:44:57 +0000"},"done":true},"minecraft:recipes/decorations/smoker":{"criteria":{"has_furnace":"2024-11-23 02:47:34 +0000"},"done":true},"minecraft:recipes/combat/iron_sword":{"criteria":{"has_iron_ingot":"2024-11-23 02:48:10 +0000"},"done":true},"minecraft:recipes/tools/iron_pickaxe":{"criteria":{"has_iron_ingot":"2024-11-23 02:48:10 +0000"},"done":true},"minecraft:recipes/combat/iron_leggings":{"criteria":{"has_iron_ingot":"2024-11-23 02:48:10 +0000"},"done":true},"minecraft:recipes/combat/shield":{"criteria":{"has_iron_ingot":"2024-11-23 02:48:10 +0000"},"done":true},"minecraft:recipes/redstone/hopper":{"criteria":{"has_iron_ingot":"2024-11-23 02:48:10 +0000"},"done":true},"minecraft:recipes/decorations/iron_bars":{"criteria":{"has_iron_ingot":"2024-11-23 02:48:10 +0000"},"done":true},"minecraft:recipes/combat/iron_boots":{"criteria":{"has_iron_ingot":"2024-11-23 02:48:10 +0000"},"done":true},"minecraft:recipes/combat/iron_chestplate":{"criteria":{"has_iron_ingot":"2024-11-23 02:48:10 +0000"},"done":true},"minecraft:recipes/misc/iron_nugget":{"criteria":{"has_iron_ingot":"2024-11-23 02:48:10 +0000"},"done":true},"minecraft:recipes/misc/bucket":{"criteria":{"has_iron_ingot":"2024-11-23 02:48:10 +0000"},"done":true},"minecraft:recipes/combat/iron_helmet":{"criteria":{"has_iron_ingot":"2024-11-23 02:48:10 +0000"},"done":true},"minecraft:recipes/transportation/minecart":{"criteria":{"has_iron_ingot":"2024-11-23 02:48:10 +0000"},"done":true},"minecraft:recipes/tools/iron_hoe":{"criteria":{"has_iron_ingot":"2024-11-23 02:48:10 +0000"},"done":true},"minecraft:recipes/tools/iron_shovel":{"criteria":{"has_iron_ingot":"2024-11-23 02:48:10 +0000"},"done":true},"minecraft:story/smelt_iron":{"criteria":{"iron":"2024-11-23 02:48:10 +0000"},"done":true},"minecraft:recipes/tools/shears":{"criteria":{"has_iron_ingot":"2024-11-23 02:48:10 +0000"},"done":true},"minecraft:recipes/redstone/iron_trapdoor":{"criteria":{"has_iron_ingot":"2024-11-23 02:48:10 +0000"},"done":true},"minecraft:recipes/building_blocks/iron_block":{"criteria":{"has_iron_ingot":"2024-11-23 02:48:10 +0000"},"done":true},"minecraft:recipes/tools/iron_axe":{"criteria":{"has_iron_ingot":"2024-11-23 02:48:10 +0000"},"done":true},"minecraft:recipes/combat/crossbow":{"criteria":{"has_iron_ingot":"2024-11-23 02:48:10 +0000"},"done":true},"minecraft:recipes/decorations/smithing_table":{"criteria":{"has_iron_ingot":"2024-11-23 02:48:10 +0000"},"done":true},"minecraft:recipes/redstone/iron_door":{"criteria":{"has_iron_ingot":"2024-11-23 02:48:10 +0000"},"done":true},"minecraft:recipes/redstone/heavy_weighted_pressure_plate":{"criteria":{"has_iron_ingot":"2024-11-23 02:48:10 +0000"},"done":true},"minecraft:adventure/sleep_in_bed":{"criteria":{"slept_in_bed":"2024-11-23 02:48:50 +0000"},"done":true},"minecraft:recipes/misc/iron_nugget_from_smelting":{"criteria":{"has_iron_sword":"2024-11-23 02:52:05 +0000"},"done":true},"minecraft:recipes/misc/iron_nugget_from_blasting":{"criteria":{"has_iron_sword":"2024-11-23 02:52:05 +0000"},"done":true},"minecraft:story/iron_tools":{"criteria":{"iron_pickaxe":"2024-11-23 02:52:07 +0000"},"done":true},"minecraft:recipes/building_blocks/andesite_stairs_from_andesite_stonecutting":{"criteria":{"has_andesite":"2024-11-23 02:54:42 +0000"},"done":true},"minecraft:recipes/building_blocks/andesite_stairs":{"criteria":{"has_andesite":"2024-11-23 02:54:42 +0000"},"done":true},"minecraft:recipes/building_blocks/polished_andesite_from_andesite_stonecutting":{"criteria":{"has_andesite":"2024-11-23 02:54:42 +0000"},"done":true},"minecraft:recipes/building_blocks/polished_andesite":{"criteria":{"has_andesite":"2024-11-23 02:54:42 +0000"},"done":true},"minecraft:recipes/decorations/andesite_wall_from_andesite_stonecutting":{"criteria":{"has_andesite":"2024-11-23 02:54:42 +0000"},"done":true},"minecraft:recipes/building_blocks/polished_andesite_slab_from_andesite_stonecutting":{"criteria":{"has_andesite":"2024-11-23 02:54:42 +0000"},"done":true},"minecraft:recipes/decorations/andesite_wall":{"criteria":{"has_andesite":"2024-11-23 02:54:42 +0000"},"done":true},"minecraft:recipes/building_blocks/andesite_slab":{"criteria":{"has_andesite":"2024-11-23 02:54:42 +0000"},"done":true},"minecraft:recipes/building_blocks/polished_andesite_stairs_from_andesite_stonecutting":{"criteria":{"has_andesite":"2024-11-23 02:54:42 +0000"},"done":true},"minecraft:recipes/building_blocks/andesite_slab_from_andesite_stonecutting":{"criteria":{"has_andesite":"2024-11-23 02:54:42 +0000"},"done":true},"minecraft:recipes/building_blocks/diorite_stairs_from_diorite_stonecutting":{"criteria":{"has_diorite":"2024-11-23 02:54:57 +0000"},"done":true},"minecraft:recipes/building_blocks/polished_diorite":{"criteria":{"has_diorite":"2024-11-23 02:54:57 +0000"},"done":true},"minecraft:recipes/building_blocks/diorite_slab":{"criteria":{"has_diorite":"2024-11-23 02:54:57 +0000"},"done":true},"minecraft:recipes/decorations/diorite_wall_from_diorite_stonecutting":{"criteria":{"has_diorite":"2024-11-23 02:54:57 +0000"},"done":true},"minecraft:recipes/building_blocks/andesite":{"criteria":{"has_stone":"2024-11-23 02:54:57 +0000"},"done":true},"minecraft:recipes/building_blocks/polished_diorite_from_diorite_stonecutting":{"criteria":{"has_diorite":"2024-11-23 02:54:57 +0000"},"done":true},"minecraft:recipes/decorations/diorite_wall":{"criteria":{"has_diorite":"2024-11-23 02:54:57 +0000"},"done":true},"minecraft:recipes/building_blocks/diorite_slab_from_diorite_stonecutting":{"criteria":{"has_diorite":"2024-11-23 02:54:57 +0000"},"done":true},"minecraft:recipes/building_blocks/polished_diorite_slab_from_diorite_stonecutting":{"criteria":{"has_diorite":"2024-11-23 02:54:57 +0000"},"done":true},"minecraft:recipes/building_blocks/polished_diorite_stairs_from_diorite_stonecutting":{"criteria":{"has_diorite":"2024-11-23 02:54:57 +0000"},"done":true},"minecraft:recipes/building_blocks/diorite_stairs":{"criteria":{"has_diorite":"2024-11-23 02:54:57 +0000"},"done":true},"minecraft:recipes/decorations/gray_bed":{"criteria":{"has_gray_wool":"2024-11-23 03:02:29 +0000"},"done":true},"minecraft:recipes/decorations/gray_banner":{"criteria":{"has_gray_wool":"2024-11-23 03:02:29 +0000"},"done":true},"minecraft:recipes/decorations/gray_carpet":{"criteria":{"has_gray_wool":"2024-11-23 03:02:29 +0000"},"done":true},"minecraft:story/obtain_armor":{"criteria":{"iron_chestplate":"2024-11-23 03:06:55 +0000"},"done":true},"minecraft:recipes/building_blocks/stone_bricks":{"criteria":{"has_stone":"2024-11-23 03:09:58 +0000"},"done":true},"minecraft:recipes/building_blocks/stone_brick_slab_from_stone_stonecutting":{"criteria":{"has_stone":"2024-11-23 03:09:58 +0000"},"done":true},"minecraft:recipes/building_blocks/stone_brick_stairs_from_stone_stonecutting":{"criteria":{"has_stone":"2024-11-23 03:09:58 +0000"},"done":true},"minecraft:recipes/building_blocks/stone_slab_from_stone_stonecutting":{"criteria":{"has_stone":"2024-11-23 03:09:58 +0000"},"done":true},"minecraft:recipes/building_blocks/stone_bricks_from_stone_stonecutting":{"criteria":{"has_stone":"2024-11-23 03:09:58 +0000"},"done":true},"minecraft:recipes/building_blocks/stone_slab":{"criteria":{"has_stone":"2024-11-23 03:09:58 +0000"},"done":true},"minecraft:recipes/building_blocks/chiseled_stone_bricks_stone_from_stonecutting":{"criteria":{"has_stone":"2024-11-23 03:09:58 +0000"},"done":true},"minecraft:recipes/building_blocks/stone_stairs_from_stone_stonecutting":{"criteria":{"has_stone":"2024-11-23 03:09:58 +0000"},"done":true},"minecraft:recipes/redstone/stone_button":{"criteria":{"has_stone":"2024-11-23 03:09:58 +0000"},"done":true},"minecraft:recipes/decorations/stonecutter":{"criteria":{"has_stone":"2024-11-23 03:09:58 +0000"},"done":true},"minecraft:recipes/redstone/stone_pressure_plate":{"criteria":{"has_stone":"2024-11-23 03:09:58 +0000"},"done":true},"minecraft:recipes/building_blocks/smooth_stone":{"criteria":{"has_stone":"2024-11-23 03:09:58 +0000"},"done":true},"minecraft:recipes/decorations/stone_brick_walls_from_stone_stonecutting":{"criteria":{"has_stone":"2024-11-23 03:09:58 +0000"},"done":true},"minecraft:recipes/building_blocks/stone_stairs":{"criteria":{"has_stone":"2024-11-23 03:09:58 +0000"},"done":true},"minecraft:recipes/building_blocks/jack_o_lantern":{"criteria":{"has_carved_pumpkin":"2024-11-23 03:10:32 +0000"},"done":true},"minecraft:recipes/decorations/blast_furnace":{"criteria":{"has_smooth_stone":"2024-11-23 03:10:40 +0000"},"done":true},"minecraft:recipes/building_blocks/smooth_stone_slab":{"criteria":{"has_smooth_stone":"2024-11-23 03:10:40 +0000"},"done":true},"minecraft:recipes/building_blocks/smooth_stone_slab_from_smooth_stone_stonecutting":{"criteria":{"has_smooth_stone":"2024-11-23 03:10:40 +0000"},"done":true},"minecraft:recipes/brewing/cauldron":{"criteria":{"has_water_bucket":"2024-11-23 03:12:06 +0000"},"done":true},"minecraft:recipes/misc/bone_meal":{"criteria":{"has_bone":"2024-11-23 03:17:12 +0000"},"done":true},"minecraft:recipes/building_blocks/chiseled_tuff_bricks_from_tuff_stonecutting":{"criteria":{"has_tuff":"2024-11-23 03:22:29 +0000"},"done":true},"minecraft:recipes/building_blocks/tuff_bricks_from_tuff_stonecutting":{"criteria":{"has_tuff":"2024-11-23 03:22:29 +0000"},"done":true},"minecraft:recipes/building_blocks/tuff_slab":{"criteria":{"has_tuff":"2024-11-23 03:22:29 +0000"},"done":true},"minecraft:recipes/building_blocks/tuff_brick_slab_from_tuff_stonecutting":{"criteria":{"has_tuff":"2024-11-23 03:22:29 +0000"},"done":true},"minecraft:recipes/decorations/polished_tuff_wall_from_tuff_stonecutting":{"criteria":{"has_tuff":"2024-11-23 03:22:29 +0000"},"done":true},"minecraft:recipes/decorations/tuff_wall":{"criteria":{"has_tuff":"2024-11-23 03:22:29 +0000"},"done":true},"minecraft:recipes/building_blocks/polished_tuff_slab_from_tuff_stonecutting":{"criteria":{"has_tuff":"2024-11-23 03:22:29 +0000"},"done":true},"minecraft:recipes/decorations/tuff_wall_from_tuff_stonecutting":{"criteria":{"has_tuff":"2024-11-23 03:22:29 +0000"},"done":true},"minecraft:recipes/building_blocks/tuff_stairs":{"criteria":{"has_tuff":"2024-11-23 03:22:29 +0000"},"done":true},"minecraft:recipes/decorations/tuff_brick_wall_from_tuff_stonecutting":{"criteria":{"has_tuff":"2024-11-23 03:22:29 +0000"},"done":true},"minecraft:recipes/building_blocks/chiseled_tuff_from_tuff_stonecutting":{"criteria":{"has_tuff":"2024-11-23 03:22:29 +0000"},"done":true},"minecraft:recipes/building_blocks/polished_tuff_stairs_from_tuff_stonecutting":{"criteria":{"has_tuff":"2024-11-23 03:22:29 +0000"},"done":true},"minecraft:recipes/building_blocks/tuff_stairs_from_tuff_stonecutting":{"criteria":{"has_tuff":"2024-11-23 03:22:29 +0000"},"done":true},"minecraft:recipes/building_blocks/tuff_brick_stairs_from_tuff_stonecutting":{"criteria":{"has_tuff":"2024-11-23 03:22:29 +0000"},"done":true},"minecraft:recipes/building_blocks/polished_tuff":{"criteria":{"has_tuff":"2024-11-23 03:22:29 +0000"},"done":true},"minecraft:recipes/building_blocks/tuff_slab_from_tuff_stonecutting":{"criteria":{"has_tuff":"2024-11-23 03:22:29 +0000"},"done":true},"minecraft:recipes/building_blocks/polished_tuff_from_tuff_stonecutting":{"criteria":{"has_tuff":"2024-11-23 03:22:29 +0000"},"done":true},"minecraft:recipes/combat/diamond_leggings":{"criteria":{"has_diamond":"2024-11-23 03:23:08 +0000"},"done":true},"minecraft:recipes/combat/diamond_sword":{"criteria":{"has_diamond":"2024-11-23 03:23:08 +0000"},"done":true},"minecraft:recipes/decorations/jukebox":{"criteria":{"has_diamond":"2024-11-23 03:23:08 +0000"},"done":true},"minecraft:recipes/combat/diamond_chestplate":{"criteria":{"has_diamond":"2024-11-23 03:23:08 +0000"},"done":true},"minecraft:recipes/combat/diamond_helmet":{"criteria":{"has_diamond":"2024-11-23 03:23:08 +0000"},"done":true},"minecraft:recipes/tools/diamond_pickaxe":{"criteria":{"has_diamond":"2024-11-23 03:23:08 +0000"},"done":true},"minecraft:recipes/building_blocks/diamond_block":{"criteria":{"has_diamond":"2024-11-23 03:23:08 +0000"},"done":true},"minecraft:recipes/tools/diamond_hoe":{"criteria":{"has_diamond":"2024-11-23 03:23:08 +0000"},"done":true},"minecraft:recipes/tools/diamond_shovel":{"criteria":{"has_diamond":"2024-11-23 03:23:08 +0000"},"done":true},"minecraft:story/mine_diamond":{"criteria":{"diamond":"2024-11-23 03:23:08 +0000"},"done":true},"minecraft:recipes/tools/diamond_axe":{"criteria":{"has_diamond":"2024-11-23 03:23:08 +0000"},"done":true},"minecraft:recipes/combat/diamond_boots":{"criteria":{"has_diamond":"2024-11-23 03:23:08 +0000"},"done":true},"minecraft:recipes/brewing/fermented_spider_eye":{"criteria":{"has_spider_eye":"2024-11-23 03:35:57 +0000"},"done":true},"minecraft:recipes/combat/bow":{"criteria":{"has_string":"2024-11-23 03:35:59 +0000"},"done":true},"minecraft:recipes/tools/fishing_rod":{"criteria":{"has_string":"2024-11-23 03:35:59 +0000"},"done":true},"minecraft:recipes/building_blocks/white_wool_from_string":{"criteria":{"has_string":"2024-11-23 03:35:59 +0000"},"done":true},"minecraft:recipes/redstone/tripwire_hook":{"criteria":{"has_string":"2024-11-23 03:35:59 +0000"},"done":true},"minecraft:recipes/decorations/candle":{"criteria":{"has_string":"2024-11-23 03:35:59 +0000"},"done":true},"minecraft:recipes/decorations/loom":{"criteria":{"has_string":"2024-11-23 03:35:59 +0000"},"done":true},"minecraft:recipes/food/cake":{"criteria":{"has_egg":"2024-11-23 03:44:07 +0000"},"done":true},"minecraft:nether/obtain_crying_obsidian":{"criteria":{"crying_obsidian":"2024-11-23 03:48:57 +0000"},"done":true},"minecraft:recipes/decorations/respawn_anchor":{"criteria":{"has_obsidian":"2024-11-23 03:48:57 +0000"},"done":true},"minecraft:story/deflect_arrow":{"criteria":{"deflected_projectile":"2024-11-23 03:51:04 +0000"},"done":true},"minecraft:recipes/misc/copper_ingot_from_blasting_raw_copper":{"criteria":{"has_raw_copper":"2024-11-23 22:48:54 +0000"},"done":true},"minecraft:recipes/building_blocks/raw_copper_block":{"criteria":{"has_raw_copper":"2024-11-23 22:48:54 +0000"},"done":true},"minecraft:recipes/misc/copper_ingot_from_smelting_raw_copper":{"criteria":{"has_raw_copper":"2024-11-23 22:48:54 +0000"},"done":true},"minecraft:recipes/building_blocks/lime_concrete_powder":{"criteria":{"has_gravel":"2024-11-23 22:53:13 +0000"},"done":true},"minecraft:recipes/building_blocks/coarse_dirt":{"criteria":{"has_gravel":"2024-11-23 22:53:13 +0000"},"done":true},"minecraft:recipes/building_blocks/light_gray_concrete_powder":{"criteria":{"has_gravel":"2024-11-23 22:53:13 +0000"},"done":true},"minecraft:recipes/building_blocks/pink_concrete_powder":{"criteria":{"has_gravel":"2024-11-23 22:53:13 +0000"},"done":true},"minecraft:recipes/decorations/fletching_table":{"criteria":{"has_flint":"2024-11-23 22:53:13 +0000"},"done":true},"minecraft:recipes/building_blocks/orange_concrete_powder":{"criteria":{"has_gravel":"2024-11-23 22:53:13 +0000"},"done":true},"minecraft:recipes/building_blocks/red_concrete_powder":{"criteria":{"has_gravel":"2024-11-23 22:53:13 +0000"},"done":true},"minecraft:recipes/building_blocks/magenta_concrete_powder":{"criteria":{"has_gravel":"2024-11-23 22:53:13 +0000"},"done":true},"minecraft:recipes/building_blocks/brown_concrete_powder":{"criteria":{"has_gravel":"2024-11-23 22:53:13 +0000"},"done":true},"minecraft:recipes/building_blocks/light_blue_concrete_powder":{"criteria":{"has_gravel":"2024-11-23 22:53:13 +0000"},"done":true},"minecraft:recipes/building_blocks/green_concrete_powder":{"criteria":{"has_gravel":"2024-11-23 22:53:13 +0000"},"done":true},"minecraft:recipes/building_blocks/blue_concrete_powder":{"criteria":{"has_gravel":"2024-11-23 22:53:13 +0000"},"done":true},"minecraft:recipes/building_blocks/yellow_concrete_powder":{"criteria":{"has_gravel":"2024-11-23 22:53:13 +0000"},"done":true},"minecraft:recipes/building_blocks/white_concrete_powder":{"criteria":{"has_gravel":"2024-11-23 22:53:13 +0000"},"done":true},"minecraft:recipes/building_blocks/gray_concrete_powder":{"criteria":{"has_gravel":"2024-11-23 22:53:13 +0000"},"done":true},"minecraft:recipes/building_blocks/black_concrete_powder":{"criteria":{"has_gravel":"2024-11-23 22:53:13 +0000"},"done":true},"minecraft:recipes/building_blocks/purple_concrete_powder":{"criteria":{"has_gravel":"2024-11-23 22:53:13 +0000"},"done":true},"minecraft:recipes/building_blocks/cyan_concrete_powder":{"criteria":{"has_gravel":"2024-11-23 22:53:13 +0000"},"done":true},"minecraft:recipes/misc/blue_dye":{"criteria":{"has_lapis_lazuli":"2024-11-23 22:56:43 +0000"},"done":true},"minecraft:recipes/building_blocks/lapis_block":{"criteria":{"has_lapis_lazuli":"2024-11-23 22:56:43 +0000"},"done":true},"minecraft:husbandry/allay_deliver_item_to_player":{"criteria":{"allay_deliver_item_to_player":"2024-11-23 23:49:25 +0000"},"done":true},"minecraft:recipes/building_blocks/copper_block":{"criteria":{"has_copper_ingot":"2024-11-23 23:35:31 +0000"},"done":true},"minecraft:recipes/redstone/spruce_button":{"criteria":{"has_planks":"2024-11-24 00:35:10 +0000"},"done":true},"minecraft:recipes/building_blocks/dark_oak_planks":{"criteria":{"has_log":"2024-11-23 23:23:32 +0000"},"done":true},"minecraft:recipes/redstone/calibrated_sculk_sensor":{"criteria":{"has_amethyst_shard":"2024-11-23 23:35:20 +0000"},"done":true},"minecraft:recipes/misc/gold_ingot_from_smelting_raw_gold":{"criteria":{"has_raw_gold":"2024-11-24 00:12:54 +0000"},"done":true},"minecraft:recipes/building_blocks/tinted_glass":{"criteria":{"has_amethyst_shard":"2024-11-23 23:35:20 +0000"},"done":true},"minecraft:recipes/redstone/crimson_button":{"criteria":{"has_planks":"2024-11-24 01:05:33 +0000"},"done":true},"minecraft:recipes/tools/brush":{"criteria":{"has_copper_ingot":"2024-11-23 23:35:31 +0000"},"done":true},"minecraft:recipes/misc/leather":{"criteria":{"has_rabbit_hide":"2024-11-24 00:36:41 +0000"},"done":true},"minecraft:recipes/building_blocks/crimson_slab":{"criteria":{"has_planks":"2024-11-24 01:05:33 +0000"},"done":true},"minecraft:recipes/building_blocks/crimson_stairs":{"criteria":{"has_planks":"2024-11-24 01:05:33 +0000"},"done":true},"minecraft:recipes/building_blocks/bookshelf":{"criteria":{"has_book":"2024-11-24 00:23:52 +0000"},"done":true},"minecraft:recipes/building_blocks/raw_gold_block":{"criteria":{"has_raw_gold":"2024-11-24 00:12:54 +0000"},"done":true},"minecraft:recipes/redstone/spruce_pressure_plate":{"criteria":{"has_planks":"2024-11-24 00:35:10 +0000"},"done":true},"minecraft:recipes/misc/book":{"criteria":{"has_paper":"2024-11-24 00:23:50 +0000"},"done":true},"minecraft:nether/explore_nether":{"criteria":{"minecraft:crimson_forest":"2024-11-24 00:57:29 +0000"},"done":false},"minecraft:nether/root":{"criteria":{"entered_nether":"2024-11-24 00:57:29 +0000"},"done":true},"minecraft:recipes/building_blocks/nether_bricks":{"criteria":{"has_nether_brick":"2024-11-24 01:01:06 +0000"},"done":true},"minecraft:recipes/misc/sugar_from_sugar_cane":{"criteria":{"has_sugar_cane":"2024-11-23 23:16:30 +0000"},"done":true},"minecraft:recipes/building_blocks/glass":{"criteria":{"has_smelts_to_glass":"2024-11-23 23:31:41 +0000"},"done":true},"minecraft:recipes/redstone/copper_door":{"criteria":{"has_copper_ingot":"2024-11-23 23:35:31 +0000"},"done":true},"minecraft:recipes/misc/gold_ingot_from_blasting_raw_gold":{"criteria":{"has_raw_gold":"2024-11-24 00:12:54 +0000"},"done":true},"minecraft:recipes/building_blocks/dark_oak_wood":{"criteria":{"has_log":"2024-11-23 23:23:32 +0000"},"done":true},"minecraft:story/enter_the_nether":{"criteria":{"entered_nether":"2024-11-24 00:57:29 +0000"},"done":true},"minecraft:recipes/misc/gold_ingot_from_nuggets":{"criteria":{"has_gold_nugget":"2024-11-24 00:58:57 +0000"},"done":true},"minecraft:recipes/decorations/spruce_sign":{"criteria":{"has_planks":"2024-11-24 00:35:10 +0000"},"done":true},"minecraft:recipes/building_blocks/crimson_planks":{"criteria":{"has_logs":"2024-11-24 01:05:28 +0000"},"done":true},"minecraft:recipes/decorations/composter":{"criteria":{"has_wood_slab":"2024-11-23 23:22:56 +0000"},"done":true},"minecraft:recipes/transportation/carrot_on_a_stick":{"criteria":{"has_carrot":"2024-11-23 23:23:31 +0000"},"done":true},"minecraft:recipes/redstone/spruce_trapdoor":{"criteria":{"has_planks":"2024-11-24 00:35:10 +0000"},"done":true},"minecraft:recipes/redstone/spruce_door":{"criteria":{"has_planks":"2024-11-24 00:35:10 +0000"},"done":true},"minecraft:recipes/building_blocks/crimson_hyphae":{"criteria":{"has_log":"2024-11-24 01:05:28 +0000"},"done":true},"minecraft:recipes/redstone/spruce_fence_gate":{"criteria":{"has_planks":"2024-11-24 00:35:10 +0000"},"done":true},"minecraft:story/shiny_gear":{"criteria":{"diamond_helmet":"2024-11-24 00:27:14 +0000"},"done":true},"minecraft:recipes/redstone/crimson_pressure_plate":{"criteria":{"has_planks":"2024-11-24 01:05:33 +0000"},"done":true},"minecraft:recipes/decorations/crimson_fence":{"criteria":{"has_planks":"2024-11-24 01:05:33 +0000"},"done":true},"minecraft:recipes/brewing/golden_carrot":{"criteria":{"has_gold_nugget":"2024-11-24 00:58:57 +0000"},"done":true},"minecraft:recipes/building_blocks/dripstone_block":{"criteria":{"has_pointed_dripstone":"2024-11-23 23:42:25 +0000"},"done":true},"minecraft:recipes/tools/spyglass":{"criteria":{"has_amethyst_shard":"2024-11-23 23:35:20 +0000"},"done":true},"minecraft:recipes/redstone/lectern":{"criteria":{"has_book":"2024-11-24 00:23:52 +0000"},"done":true},"minecraft:recipes/building_blocks/sandstone":{"criteria":{"has_sand":"2024-11-23 23:31:41 +0000"},"done":true},"minecraft:recipes/redstone/lightning_rod":{"criteria":{"has_copper_ingot":"2024-11-23 23:35:31 +0000"},"done":true},"minecraft:recipes/decorations/crimson_sign":{"criteria":{"has_planks":"2024-11-24 01:05:33 +0000"},"done":true},"minecraft:recipes/building_blocks/chiseled_bookshelf":{"criteria":{"has_book":"2024-11-24 00:23:52 +0000"},"done":true},"minecraft:recipes/redstone/crimson_fence_gate":{"criteria":{"has_planks":"2024-11-24 01:05:33 +0000"},"done":true},"minecraft:recipes/building_blocks/amethyst_block":{"criteria":{"has_amethyst_shard":"2024-11-23 23:35:20 +0000"},"done":true},"minecraft:recipes/decorations/cartography_table":{"criteria":{"has_paper":"2024-11-24 00:23:50 +0000"},"done":true},"minecraft:recipes/misc/writable_book":{"criteria":{"has_book":"2024-11-24 00:23:52 +0000"},"done":true},"minecraft:recipes/misc/wheat":{"criteria":{"has_hay_block":"2024-11-23 23:33:40 +0000"},"done":true},"minecraft:recipes/redstone/copper_trapdoor":{"criteria":{"has_copper_ingot":"2024-11-23 23:35:31 +0000"},"done":true},"minecraft:recipes/redstone/target":{"criteria":{"has_hay_block":"2024-11-23 23:33:40 +0000"},"done":true},"minecraft:recipes/redstone/crimson_door":{"criteria":{"has_planks":"2024-11-24 01:05:33 +0000"},"done":true},"minecraft:recipes/redstone/crimson_trapdoor":{"criteria":{"has_planks":"2024-11-24 01:05:33 +0000"},"done":true},"minecraft:recipes/decorations/spruce_fence":{"criteria":{"has_planks":"2024-11-24 00:35:10 +0000"},"done":true},"minecraft:recipes/building_blocks/spruce_stairs":{"criteria":{"has_planks":"2024-11-24 00:35:10 +0000"},"done":true},"minecraft:recipes/misc/paper":{"criteria":{"has_reeds":"2024-11-23 23:16:30 +0000"},"done":true},"minecraft:recipes/misc/nether_brick":{"criteria":{"has_netherrack":"2024-11-24 00:23:10 +0000"},"done":true},"minecraft:recipes/building_blocks/spruce_slab":{"criteria":{"has_planks":"2024-11-24 00:35:10 +0000"},"done":true},"minecraft:adventure/ol_betsy":{"criteria":{"shot_crossbow":"2024-11-24 00:53:07 +0000"},"done":true},"DataVersion":3955}